disaster_type,split,episode_id,industry,actual_mean_y1,predicted_mean_y1,actual_median_y1,actual_sd_y1,observation_rows,event_dates,error_y1
cold_wave,test,cold_wave|서울 강남구|20251102|01,LPG가스,-37.12131889666394,-0.8069321057086563,-37.12131889666394,5.67951998755526,2,2,36.31438679095528
cold_wave,test,cold_wave|서울 강남구|20251102|01,ZZ_나머지,-34.02585888544854,-4.401230543006012,-34.02585888544854,27.862560834971795,2,2,29.62462834244253
cold_wave,test,cold_wave|서울 강남구|20251102|01,가구,-38.778935209550774,-1.7895018718041689,-38.778935209550774,18.15969262519295,2,2,36.989433337746604
cold_wave,test,cold_wave|서울 강남구|20251102|01,가전,39.59417907814131,6.686699147048879,39.59417907814131,60.12038786280342,2,2,-32.90747993109243
cold_wave,test,cold_wave|서울 강남구|20251102|01,게임방/오락실,-12.552717880558639,-3.8182836990164026,-12.552717880558639,31.248922699585684,2,2,8.734434181542236
cold_wave,test,cold_wave|서울 강남구|20251102|01,결제대행(PG),-26.351600354291566,0.0813223690858365,-26.351600354291566,27.549435835911183,2,2,26.432922723377402
cold_wave,test,cold_wave|서울 강남구|20251102|01,고속버스/철도/여객선,3.7206386701892393,1.251521028779657,3.7206386701892393,11.405259396006453,2,2,-2.469117641409582
cold_wave,test,cold_wave|서울 강남구|20251102|01,기타식품,-28.364331817160547,1.251521028779657,-28.364331817160547,48.456797649795305,2,2,29.615852845940204
cold_wave,test,cold_wave|서울 강남구|20251102|01,기타요식,-30.436352568986123,1.251521028779657,-30.436352568986123,17.96035531080726,2,2,31.68787359776578
cold_wave,test,cold_wave|서울 강남구|20251102|01,기타유통,-28.073116653163396,-0.6051217061943455,-28.073116653163396,30.394727627371775,2,2,27.46799494696905
cold_wave,test,cold_wave|서울 강남구|20251102|01,기타의료,-74.19270027716209,1.251521028779657,-74.19270027716209,27.879966774666606,2,2,75.44422130594175
cold_wave,test,cold_wave|서울 강남구|20251102|01,노래방,-34.408165445096344,-3.9422702975935,-34.408165445096344,0.6480976638306916,2,2,30.465895147502845
cold_wave,test,cold_wave|서울 강남구|20251102|01,농수산물,-31.838743423530858,-4.323973475481378,-31.838743423530858,54.52226493800348,2,2,27.51476994804948
cold_wave,test,cold_wave|서울 강남구|20251102|01,독서실,39.42338546303054,-11.341870184604383,39.42338546303054,3.3554011264304275,2,2,-50.76525564763492
cold_wave,test,cold_wave|서울 강남구|20251102|01,동물병원,-24.241108447722628,-0.8069321057086563,-24.241108447722628,7.221553401509015,2,2,23.43417634201397
cold_wave,test,cold_wave|서울 강남구|20251102|01,면세점,-10.472127742274218,-3.3800658932924215,-10.472127742274218,114.05395355882672,2,2,7.092061848981796
cold_wave,test,cold_wave|서울 강남구|20251102|01,"모텔,여관,기타숙박",-26.514864369708363,0.22229446153550037,-26.514864369708363,15.850961979830235,2,2,26.737158831243864
cold_wave,test,cold_wave|서울 강남구|20251102|01,문화용품,-35.93443804872117,-31.75851250301608,-35.93443804872117,27.2173635025782,2,2,4.175925545705088
cold_wave,test,cold_wave|서울 강남구|20251102|01,미용서비스,-39.83193317202304,-0.4421747698405203,-39.83193317202304,15.90095457139575,2,2,39.38975840218252
cold_wave,test,cold_wave|서울 강남구|20251102|01,미용실,-27.88796536605463,1.251521028779657,-27.88796536605463,33.65308743022393,2,2,29.139486394834286
cold_wave,test,cold_wave|서울 강남구|20251102|01,방문판매/다단계판매,-15.06220192742802,-4.9472352234080335,-15.06220192742802,92.34238488413978,2,2,10.114966704019988
cold_wave,test,cold_wave|서울 강남구|20251102|01,백화점,-19.423741946277595,1.251521028779657,-19.423741946277595,44.979890788532565,2,2,20.67526297505725
cold_wave,test,cold_wave|서울 강남구|20251102|01,법률/사무서비스,-3.177088057171126,-3.4268196224077303,-3.177088057171126,110.35320041375583,2,2,-0.24973156523660434
cold_wave,test,cold_wave|서울 강남구|20251102|01,보건소,-34.629876533583136,-32.84223626341855,-34.629876533583136,,1,1,1.7876402701645873
cold_wave,test,cold_wave|서울 강남구|20251102|01,보험,-71.69105613835697,-5.392771386425128,-71.69105613835697,37.01765715819184,2,2,66.29828475193185
cold_wave,test,cold_wave|서울 강남구|20251102|01,부동산중개,160.32295493044143,55.47528516539249,160.32295493044143,356.69894514690543,2,2,-104.84766976504893
cold_wave,test,cold_wave|서울 강남구|20251102|01,사무기기/문구용품,-38.68501937321588,-1.7895018718041689,-38.68501937321588,68.3480025215042,2,2,36.89551750141171
cold_wave,test,cold_wave|서울 강남구|20251102|01,상품권/복권,136.23578668156878,1.7591842115997285,136.23578668156878,44.10952632429284,2,2,-134.47660246996907
cold_wave,test,cold_wave|서울 강남구|20251102|01,생활잡화/수입상품점,-9.557322582208512,1.251521028779657,-9.557322582208512,17.43740404438243,2,2,10.808843610988168
cold_wave,test,cold_wave|서울 강남구|20251102|01,서점,-18.45792133454883,1.251521028779657,-18.45792133454883,29.97015431565893,2,2,19.709442363328485
cold_wave,test,cold_wave|서울 강남구|20251102|01,세탁소,23.4135003966638,-6.197474166118343,23.4135003966638,151.30424434609355,2,2,-29.610974562782143
cold_wave,test,cold_wave|서울 강남구|20251102|01,쇼핑몰,106.66490452916685,1.7591842115997285,106.66490452916685,15.478015913522508,2,2,-104.90572031756712
cold_wave,test,cold_wave|서울 강남구|20251102|01,수입자동차,93.60378406815632,-41.67807560626741,93.60378406815632,,1,1,-135.28185967442374
cold_wave,test,cold_wave|서울 강남구|20251102|01,수제용품점,-71.56922355552743,-25.360555053163914,-71.56922355552743,12.298368687130694,2,2,46.208668502363516
cold_wave,test,cold_wave|서울 강남구|20251102|01,스포츠/레저용품,7.040187148277776,1.251521028779657,7.040187148277776,19.482698007887514,2,2,-5.788666119498119
cold_wave,test,cold_wave|서울 강남구|20251102|01,스포츠시설,-14.526371998333389,0.8455562094621532,-14.526371998333389,13.607377561886194,2,2,15.371928207795541
cold_wave,test,cold_wave|서울 강남구|20251102|01,시계/귀금속,-10.361749341990997,0.22229446153550037,-10.361749341990997,15.400186482361354,2,2,10.584043803526498
cold_wave,test,cold_wave|서울 강남구|20251102|01,실내/실외골프장,3.0598855418068793,-15.170902943928374,3.0598855418068793,14.281155553225979,2,2,-18.230788485735253
cold_wave,test,cold_wave|서울 강남구|20251102|01,싸우나/목욕탕,3.7500805648233193,-3.4085006663216495,3.7500805648233193,32.0144239466831,2,2,-7.158581231144969
cold_wave,test,cold_wave|서울 강남구|20251102|01,악기/음반,-43.44671731768998,-11.712524380505128,-43.44671731768998,13.384745850223046,2,2,31.73419293718485
cold_wave,test,cold_wave|서울 강남구|20251102|01,안마/마사지,-31.023486413318615,-5.253183652979987,-31.023486413318615,3.0637902091726787,2,2,25.770302760338627
cold_wave,test,cold_wave|서울 강남구|20251102|01,애완동물,9.096387997768769,-6.575248055000625,9.096387997768769,27.20930297425026,2,2,-15.671636052769394
cold_wave,test,cold_wave|서울 강남구|20251102|01,약국,-33.393126811585425,0.22229446153550037,-33.393126811585425,81.05537424965421,2,2,33.61542127312092
cold_wave,test,cold_wave|서울 강남구|20251102|01,양식,-51.241770977337154,1.251521028779657,-51.241770977337154,2.315564975789157,2,2,52.49329200611681
cold_wave,test,cold_wave|서울 강남구|20251102|01,여행사/항공사,-10.139987785911007,-4.323973475481378,-10.139987785911007,88.26542468488606,2,2,5.816014310429629
cold_wave,test,cold_wave|서울 강남구|20251102|01,연구/번역서비스,-43.63444899308445,1.251521028779657,-43.63444899308445,7.134480475631356,2,2,44.885970021864104
cold_wave,test,cold_wave|서울 강남구|20251102|01,영화/공연,-39.96912510785013,-1.9304739642538316,-39.96912510785013,5.6060591356529565,2,2,38.0386511435963
cold_wave,test,cold_wave|서울 강남구|20251102|01,예식장/결혼서비스,6.58530595494247,16.131697773710922,6.58530595494247,100.42582726782845,2,2,9.546391818768452
cold_wave,test,cold_wave|서울 강남구|20251102|01,오토바이,-35.20451513500677,-45.458353377937655,-35.20451513500677,84.37518145611193,2,2,-10.253838242930883
cold_wave,test,cold_wave|서울 강남구|20251102|01,완구/아동용자전거,-27.30747405162581,-6.575248055000625,-27.30747405162581,31.37310602900038,2,2,20.732225996625186
cold_wave,test,cold_wave|서울 강남구|20251102|01,유치원,-76.3011584531288,-50.292022654408456,-76.3011584531288,26.60216719034593,2,2,26.00913579872035
cold_wave,test,cold_wave|서울 강남구|20251102|01,유흥업소,-53.35894333811604,0.22229446153550037,-53.35894333811604,38.77320238449952,2,2,53.58123779965154
cold_wave,test,cold_wave|서울 강남구|20251102|01,의복/의류,-9.910800012920344,1.251521028779657,-9.910800012920344,22.39718723022602,2,2,11.1623210417
cold_wave,test,cold_wave|서울 강남구|20251102|01,인테리어/건축자재/주방기구,-66.95545058152818,-6.056502073668684,-66.95545058152818,33.65644777564996,2,2,60.8989485078595
cold_wave,test,cold_wave|서울 강남구|20251102|01,일반병원,-38.496268604732506,1.5053526201896927,-38.496268604732506,76.6433318520991,2,2,40.0016212249222
cold_wave,test,cold_wave|서울 강남구|20251102|01,일식,-38.31577426366652,1.251521028779657,-38.31577426366652,18.74403215710051,2,2,39.567295292446175
cold_wave,test,cold_wave|서울 강남구|20251102|01,자동차서비스,-30.450071174955827,0.22229446153550037,-30.450071174955827,76.36824008166657,2,2,30.672365636491328
cold_wave,test,cold_wave|서울 강남구|20251102|01,자동차용품,-33.46325429006169,-5.150217633066784,-33.46325429006169,58.31625025195641,2,2,28.313036656994907
cold_wave,test,cold_wave|서울 강남구|20251102|01,장례식장/묘지/장의사,-23.626385619707097,-3.6773116065667426,-23.626385619707097,26.421980412115087,2,2,19.949074013140354
cold_wave,test,cold_wave|서울 강남구|20251102|01,전용매장,-31.42438972855487,-3.4432045355850023,-31.42438972855487,13.897693184106622,2,2,27.981185192969868
cold_wave,test,cold_wave|서울 강남구|20251102|01,정육점,-15.431392563536965,0.22229446153550037,-15.431392563536965,24.09862825611325,2,2,15.653687025072466
cold_wave,test,cold_wave|서울 강남구|20251102|01,제과점,-15.11393327194089,1.251521028779657,-15.11393327194089,10.097530978133548,2,2,16.365454300720547
cold_wave,test,cold_wave|서울 강남구|20251102|01,종합병원,-27.591133915382265,1.251521028779657,-27.591133915382265,58.98330823392448,2,2,28.84265494416192
cold_wave,test,cold_wave|서울 강남구|20251102|01,주류판매,-32.514967590201,0.16035431858564286,-32.514967590201,41.078533709427596,2,2,32.67532190878664
cold_wave,test,cold_wave|서울 강남구|20251102|01,주유소,-9.239599045708253,1.251521028779657,-9.239599045708253,19.48294431914879,2,2,10.49112007448791
cold_wave,test,cold_wave|서울 강남구|20251102|01,주차장,-1.1187782102583022,-1.9304739642538316,-1.1187782102583022,78.69398105845521,2,2,-0.8116957539955294
cold_wave,test,cold_wave|서울 강남구|20251102|01,중고품판매점,55.951882991768535,-42.862449591357795,55.951882991768535,193.2814669016125,2,2,-98.81433258312633
cold_wave,test,cold_wave|서울 강남구|20251102|01,중식,-29.606994930721747,1.251521028779657,-29.606994930721747,21.42084668255553,2,2,30.858515959501403
cold_wave,test,cold_wave|서울 강남구|20251102|01,체인점,-14.928283950149693,-4.522969966631001,-14.928283950149693,27.651152101085128,2,2,10.405313983518692
cold_wave,test,cold_wave|서울 강남구|20251102|01,치과병원,-27.61648622139074,0.22229446153550037,-27.61648622139074,89.90426763713991,2,2,27.83878068292624
cold_wave,test,cold_wave|서울 강남구|20251102|01,커피전문점,-10.175516194234572,1.251521028779657,-10.175516194234572,13.083713623307533,2,2,11.427037223014228
cold_wave,test,cold_wave|서울 강남구|20251102|01,컴퓨터/소프트웨어,0.7312320265971571,1.7591842115997285,0.7312320265971571,3.634430507139067,2,2,1.0279521850025715
cold_wave,test,cold_wave|서울 강남구|20251102|01,택시,-44.4789205236404,-22.957941337925583,-44.4789205236404,51.02694585095883,2,2,21.520979185714815
cold_wave,test,cold_wave|서울 강남구|20251102|01,"통신요금(이동,시내전화)",-16.383272682268853,1.251521028779657,-16.383272682268853,38.966978466942635,2,2,17.63479371104851
cold_wave,test,cold_wave|서울 강남구|20251102|01,패션잡화,49.71336534607991,1.251521028779657,49.71336534607991,86.53469971528497,2,2,-48.461844317300255
cold_wave,test,cold_wave|서울 강남구|20251102|01,패스트푸드,-16.617047817002334,1.251521028779657,-16.617047817002334,7.989242360399585,2,2,17.86856884578199
cold_wave,test,cold_wave|서울 강남구|20251102|01,편의점,-12.83172926746055,1.251521028779657,-12.83172926746055,26.782694526158718,2,2,14.083250296240207
cold_wave,test,cold_wave|서울 강남구|20251102|01,학원/학습지,18.719582633402347,1.5053526201896927,18.719582633402347,56.09242713428146,2,2,-17.214230013212653
cold_wave,test,cold_wave|서울 강남구|20251102|01,한식,-24.583765991875076,1.251521028779657,-24.583765991875076,29.405293211553914,2,2,25.835287020654732
cold_wave,test,cold_wave|서울 강남구|20251102|01,한의원,-36.336100949683704,-3.6773116065667426,-36.336100949683704,75.43916798180607,2,2,32.658789343116965
cold_wave,test,cold_wave|서울 강남구|20251102|01,할인점/슈퍼마켓/양판점,6.393870566908571,1.7591842115997285,6.393870566908571,18.248583476247102,2,2,-4.634686355308843
cold_wave,test,cold_wave|서울 강남구|20251102|01,헬스장,-4.72323869386269,1.251521028779657,-4.72323869386269,99.70471948004331,2,2,5.9747597226423474
cold_wave,test,cold_wave|서울 강남구|20251102|01,호텔/콘도,-39.58058572516633,1.251521028779657,-39.58058572516633,9.786087716226369,2,2,40.832106753945986
cold_wave,test,cold_wave|서울 강남구|20251102|01,화원,-14.670908464660497,-4.341781817683874,-14.670908464660497,33.392200894836265,2,2,10.329126646976624
cold_wave,test,cold_wave|서울 강남구|20251102|01,화장품,-24.077119449355674,1.251521028779657,-24.077119449355674,41.59137941764259,2,2,25.32864047813533
cold_wave,test,cold_wave|서울 강남구|20251102|01,회계/변리서비스,0.41169074322868227,1.8837430272266484,0.41169074322868227,69.78564994811252,2,2,1.4720522839979662
cold_wave,train,cold_wave|강원 춘천시|20251202|01,LPG가스,12.321752214594339,-2.196349690259234,-19.96144611991413,56.596632352332065,3,3,-14.518101904853573
cold_wave,train,cold_wave|강원 춘천시|20251202|01,ZZ_나머지,-72.14869111492507,-10.902102661749757,-70.7689387271696,3.0603013535336583,3,3,61.24658845317531
cold_wave,train,cold_wave|강원 춘천시|20251202|01,가구,-45.99341477308578,-16.321572386562433,-81.34261095252837,63.58630984219587,3,3,29.67184238652335
cold_wave,train,cold_wave|강원 춘천시|20251202|01,가전,19.56091163679793,-3.4932432993822435,7.799047989274429,60.05607120584842,3,3,-23.054154936180172
cold_wave,train,cold_wave|강원 춘천시|20251202|01,게임방/오락실,-18.013336155410745,-14.431399643576038,-16.03172462353776,4.359283320057508,3,3,3.581936511834707
cold_wave,train,cold_wave|강원 춘천시|20251202|01,고속버스/철도/여객선,-77.61594739698454,-58.39368046525697,-79.7648951857856,10.244767183239144,3,3,19.222266931727567
cold_wave,train,cold_wave|강원 춘천시|20251202|01,기타식품,-24.162687176546203,-0.8240476006003593,-21.953787041415453,4.695107201666506,3,3,23.338639575945844
cold_wave,train,cold_wave|강원 춘천시|20251202|01,기타요식,-4.637646959060159,-0.8240476006003593,-4.612599260673022,6.320798823121816,3,3,3.813599358459799
cold_wave,train,cold_wave|강원 춘천시|20251202|01,기타유통,82.82000781061838,-2.674209997563736,80.47644471687677,90.967090531245,3,3,-85.49421780818211
cold_wave,train,cold_wave|강원 춘천시|20251202|01,기타의료,85.1610007246574,-1.4847570333766342,-5.44041842009996,185.81137360151808,3,3,-86.64575775803404
cold_wave,train,cold_wave|강원 춘천시|20251202|01,노래방,-32.671221210428385,-12.790821830834,-35.73984086418813,6.94639706826946,3,3,19.880399379594387
cold_wave,train,cold_wave|강원 춘천시|20251202|01,농수산물,-3.5525839322347177,-0.7473021838931982,-14.69131097569899,20.388596621752217,3,3,2.8052817483415193
cold_wave,train,cold_wave|강원 춘천시|20251202|01,독서실,-98.11464447762543,-64.52701485144968,-98.11464447762543,0.5541869854565438,2,2,33.587629626175755
cold_wave,train,cold_wave|강원 춘천시|20251202|01,동물병원,16.792154386700616,-9.400706565503109,23.13908924747288,11.402510758693333,3,3,-26.192860952203723
cold_wave,train,cold_wave|강원 춘천시|20251202|01,"모텔,여관,기타숙박",50.16877361024638,-4.296655329274977,-24.152198310797623,155.8975730192802,3,3,-54.46542893952136
cold_wave,train,cold_wave|강원 춘천시|20251202|01,문화용품,-86.8988760907892,-49.249509336057635,-88.09971341580936,2.2415955051967718,3,3,37.64936675473157
cold_wave,train,cold_wave|강원 춘천시|20251202|01,미용서비스,6.829755232918937,-16.742378581702948,-3.919419154625917,68.87868945428197,3,3,-23.572133814621886
cold_wave,train,cold_wave|강원 춘천시|20251202|01,미용실,-11.490954117920106,-1.2300124199178621,-10.483695713136694,22.36259017348035,3,3,10.260941698002243
cold_wave,train,cold_wave|강원 춘천시|20251202|01,방문판매/다단계판매,-53.82000106959955,-20.83614457003957,-56.83173992526952,11.159084159670263,3,3,32.98385649955998
cold_wave,train,cold_wave|강원 춘천시|20251202|01,보건소,-9.670730956453843,-41.08622939647413,-22.08270839637183,37.12779945736707,3,3,-31.415498440020286
cold_wave,train,cold_wave|강원 춘천시|20251202|01,사무기기/문구용품,58.37191111785035,-2.674209997563736,27.65674299906106,59.78722406282718,3,3,-61.04612111541409
cold_wave,train,cold_wave|강원 춘천시|20251202|01,상품권/복권,-43.54391194461838,-17.7499174210586,-71.22202885612114,68.51798938331196,3,3,25.79399452355978
cold_wave,train,cold_wave|강원 춘천시|20251202|01,생활잡화/수입상품점,36.073532940642195,-2.571209975477642,33.189346326173705,12.198320113835985,3,3,-38.64474291611984
cold_wave,train,cold_wave|강원 춘천시|20251202|01,서점,2.376583003036064,-14.624858448156152,-8.114850372141964,18.51265027238547,3,3,-17.001441451192214
cold_wave,train,cold_wave|강원 춘천시|20251202|01,세탁소,-4.052070053042047,-14.624858448156152,-7.401695973249869,10.27890086937221,3,3,-10.572788395114106
cold_wave,train,cold_wave|강원 춘천시|20251202|01,수제용품점,-64.4898716319692,-29.759929478589783,-70.62843057251655,15.218444311687009,3,3,34.72994215337941
cold_wave,train,cold_wave|강원 춘천시|20251202|01,스포츠/레저용품,-19.416265507724265,-1.5101986454297966,-26.65790484287705,19.895725653511604,3,3,17.90606686229447
cold_wave,train,cold_wave|강원 춘천시|20251202|01,스포츠시설,-22.11661799341852,-9.59844054783834,-25.499025930710985,15.521305742837454,3,3,12.518177445580179
cold_wave,train,cold_wave|강원 춘천시|20251202|01,시계/귀금속,-52.40163916136064,-9.59844054783834,-50.41620826210116,13.439564193470826,3,3,42.8031986135223
cold_wave,train,cold_wave|강원 춘천시|20251202|01,실내/실외골프장,-72.22810337457115,-43.96440978184771,-83.85511218616305,20.4501755175624,3,3,28.263693592723435
cold_wave,train,cold_wave|강원 춘천시|20251202|01,싸우나/목욕탕,-36.46932677193356,-14.431399643576038,-35.609108970337125,7.993959757515216,3,3,22.037927128357524
cold_wave,train,cold_wave|강원 춘천시|20251202|01,악기/음반,35.75751202214527,-57.38856631499613,-71.44931699769761,206.91102631763673,3,3,-93.1460783371414
cold_wave,train,cold_wave|강원 춘천시|20251202|01,안마/마사지,-34.276785272509336,-37.15392852836678,-32.46518065237168,31.435059019685628,3,3,-2.8771432558574404
cold_wave,train,cold_wave|강원 춘천시|20251202|01,애완동물,-28.797403930453644,-14.624858448156152,-25.19348361963356,14.25342589854151,3,3,14.172545482297492
cold_wave,train,cold_wave|강원 춘천시|20251202|01,약국,4.851305801550072,-0.8240476006003593,-6.580503972555133,19.80127831363687,3,3,-5.675353402150431
cold_wave,train,cold_wave|강원 춘천시|20251202|01,양식,-9.687394271820162,-1.4847570333766342,-10.386445416789098,2.5727457559054057,3,3,8.202637238443527
cold_wave,train,cold_wave|강원 춘천시|20251202|01,연구/번역서비스,-16.16556696663891,-6.304807886504055,-9.915617801784302,26.826374073743327,3,3,9.860759080134855
cold_wave,train,cold_wave|강원 춘천시|20251202|01,영화/공연,-33.554141086010866,-16.74237858170295,-28.60653755614943,9.827148718797144,3,3,16.811762504307914
cold_wave,train,cold_wave|강원 춘천시|20251202|01,예식장/결혼서비스,-55.865105168441346,-43.80160888381354,-70.22250023208497,31.500847604438864,3,3,12.063496284627803
cold_wave,train,cold_wave|강원 춘천시|20251202|01,오토바이,243.94774314270728,-28.530635544812416,-34.8463657221857,497.424110746709,3,3,-272.4783786875197
cold_wave,train,cold_wave|강원 춘천시|20251202|01,완구/아동용자전거,-42.085687574708466,-24.94554582892563,-49.02611999658807,24.939591962339897,3,3,17.140141745782834
cold_wave,train,cold_wave|강원 춘천시|20251202|01,유치원,-83.4935789118071,-66.60589542391158,-86.96633850572952,10.871019209080254,3,3,16.88768348789553
cold_wave,train,cold_wave|강원 춘천시|20251202|01,유흥업소,-29.40574661385541,-11.862325935585723,-26.382885983127416,10.519337759651378,3,3,17.543420678269687
cold_wave,train,cold_wave|강원 춘천시|20251202|01,의복/의류,5.223947009632797,-1.2300124199178621,-10.933130313220072,30.103463937907907,3,3,-6.453959429550659
cold_wave,train,cold_wave|강원 춘천시|20251202|01,인테리어/건축자재/주방기구,31.379083383396203,-2.8825007350886716,19.45274192950468,27.186214272346042,3,3,-34.261584118484876
cold_wave,train,cold_wave|강원 춘천시|20251202|01,일반병원,4.00231835828436,-0.8240476006003593,-0.1253675217553872,16.62414906944867,3,3,-4.826365958884719
cold_wave,train,cold_wave|강원 춘천시|20251202|01,일식,5.04398484879319,-1.2300124199178621,10.254122253291502,14.013951587284582,3,3,-6.273997268711053
cold_wave,train,cold_wave|강원 춘천시|20251202|01,자동차서비스,30.6499859432072,-0.8240476006003593,20.67860030739323,19.3785725553617,3,3,-31.474033543807558
cold_wave,train,cold_wave|강원 춘천시|20251202|01,자동차용품,26.775082095257996,-0.8240476006003593,3.826566769166074,48.14969392467233,3,3,-27.599129695858355
cold_wave,train,cold_wave|강원 춘천시|20251202|01,장례식장/묘지/장의사,-10.582587612009718,-35.044729331077505,-32.0232668564478,100.96928889667015,3,3,-24.462141719067787
cold_wave,train,cold_wave|강원 춘천시|20251202|01,전용매장,56.250614518585735,4.547338897763539,59.96546215842253,31.978249486458612,3,3,-51.7032756208222
cold_wave,train,cold_wave|강원 춘천시|20251202|01,정육점,-16.095868741576453,-2.088499739452978,-12.098675461549858,18.925728185981157,3,3,14.007369002123475
cold_wave,train,cold_wave|강원 춘천시|20251202|01,제과점,-10.79109369452005,-1.4847570333766342,-11.22090546033072,5.950233932724309,3,3,9.306336661143416
cold_wave,train,cold_wave|강원 춘천시|20251202|01,종합레저타운/놀이동산,-85.63772753429237,-54.25293479528691,-81.99743901042062,7.448455935204389,3,3,31.384792739005455
cold_wave,train,cold_wave|강원 춘천시|20251202|01,종합병원,17.368383201272607,-0.8240476006003593,21.822841774839045,9.858541407007893,3,3,-18.192430801872966
cold_wave,train,cold_wave|강원 춘천시|20251202|01,주류판매,1.7752715793139278,-30.006971913970812,-86.01296062331747,154.5242908512697,3,3,-31.78224349328474
cold_wave,train,cold_wave|강원 춘천시|20251202|01,주유소,8.461966465147304,-0.8240476006003593,-1.5675796031195466,18.94552112511745,3,3,-9.286014065747663
cold_wave,train,cold_wave|강원 춘천시|20251202|01,주차장,72.29390739873658,-1.3317571584898704,46.83391878299142,63.556033812575784,3,3,-73.62566455722644
cold_wave,train,cold_wave|강원 춘천시|20251202|01,중고품판매점,-71.87122910442285,-41.98801290202783,-78.53054974668069,21.26324903375055,3,3,29.88321620239502
cold_wave,train,cold_wave|강원 춘천시|20251202|01,중식,-2.5127688115672853,-1.2300124199178621,-4.406359049882414,10.161619329890053,3,3,1.2827563916494231
cold_wave,train,cold_wave|강원 춘천시|20251202|01,체인점,-80.24731668792514,-47.25216600492738,-79.30188734305746,1.7992817945280597,3,3,32.99515068299775
cold_wave,train,cold_wave|강원 춘천시|20251202|01,치과병원,30.110196951863287,-0.8240476006003593,34.34627531227752,25.168177025943834,3,3,-30.934244552463646
cold_wave,train,cold_wave|강원 춘천시|20251202|01,커피전문점,-11.100604059455781,-1.4847570333766342,-10.217172960531684,1.6849615216312954,3,3,9.615847026079146
cold_wave,train,cold_wave|강원 춘천시|20251202|01,컴퓨터/소프트웨어,75.91943843474134,-4.70387163178781,69.92818802974287,64.87416084764632,3,3,-80.62331006652914
cold_wave,train,cold_wave|강원 춘천시|20251202|01,택시,17.48638941892015,-9.302450419252184,26.232579074756742,30.339545831481487,3,3,-26.788839838172336
cold_wave,train,cold_wave|강원 춘천시|20251202|01,패션잡화,-26.390644412811255,-11.862325935585723,-28.224121230738596,7.60956748640509,3,3,14.528318477225532
cold_wave,train,cold_wave|강원 춘천시|20251202|01,패스트푸드,-5.61590163801761,-6.646166894365096,-0.9880191109683688,9.96542219846652,3,3,-1.0302652563474854
cold_wave,train,cold_wave|강원 춘천시|20251202|01,편의점,-6.653436196365104,-0.8240476006003593,-6.327109888840692,3.3448107370061657,3,3,5.829388595764745
cold_wave,train,cold_wave|강원 춘천시|20251202|01,학원/학습지,55.78609948986082,-0.8240476006003593,22.68235039124763,59.11976317399151,3,3,-56.610147090461176
cold_wave,train,cold_wave|강원 춘천시|20251202|01,한식,-7.616230351338271,-0.8240476006003593,-6.917191272934681,2.492006905760486,3,3,6.792182750737912
cold_wave,train,cold_wave|강원 춘천시|20251202|01,한의원,-23.215642258726604,-9.543062148767735,-24.608122638927224,43.667554038937496,3,3,13.672580109958869
cold_wave,train,cold_wave|강원 춘천시|20251202|01,할인점/슈퍼마켓/양판점,-13.354883977583498,-0.8240476006003593,-13.297923268316854,3.036680259002636,3,3,12.530836376983139
cold_wave,train,cold_wave|강원 춘천시|20251202|01,헬스장,65.57095137031098,-2.674209997563736,46.34614716659468,56.81861917561355,3,3,-68.24516136787472
cold_wave,train,cold_wave|강원 춘천시|20251202|01,호텔/콘도,-14.336264018601275,-7.052164950824419,-19.106100010502164,56.421516281998095,3,3,7.2840990677768565
cold_wave,train,cold_wave|강원 춘천시|20251202|01,화원,-51.81462810176421,-15.50063497243003,-52.53231229321516,8.476780657024419,3,3,36.31399312933418
cold_wave,train,cold_wave|강원 춘천시|20251202|01,화장품,122.20228127170964,-8.313273490995515,-1.8035191350892683,234.78246506313437,3,3,-130.51555476270516
cold_wave,train,cold_wave|강원 춘천시|20251202|01,회계/변리서비스,-53.99370999506476,-41.895788713122364,-92.28788522226208,70.48919567089547,3,3,12.097921281942398
cold_wave,train,cold_wave|강원 춘천시|20251225|02,LPG가스,3.4614908061311476,1.9152573566023328,-22.58741592224857,57.95528348187575,3,3,-1.5462334495288148
cold_wave,train,cold_wave|강원 춘천시|20251225|02,ZZ_나머지,10.749748461611517,2.71600525984976,-70.48469618408946,162.54811127965513,3,3,-8.033743201761757
cold_wave,train,cold_wave|강원 춘천시|20251225|02,가구,38.71928451091345,-4.52659404441519,-12.69705573240357,90.25858776937734,3,3,-43.24587855532864
cold_wave,train,cold_wave|강원 춘천시|20251225|02,가전,-44.60482826818139,-2.113761398536098,-40.40111135501865,14.492116488049012,3,3,42.491066869645294
cold_wave,train,cold_wave|강원 춘천시|20251225|02,게임방/오락실,43.797299745815224,-3.57927704259818,48.13053845861152,17.497095749224666,3,3,-47.3765767884134
cold_wave,train,cold_wave|강원 춘천시|20251225|02,고속버스/철도/여객선,-82.38336766342107,-51.96737498094141,-82.38336766342107,5.0371066028543326e-05,2,2,30.41599268247966
cold_wave,train,cold_wave|강원 춘천시|20251225|02,기타식품,13.783836807020798,2.601408401431771,15.442308480440332,8.462810234866366,3,3,-11.182428405589027
cold_wave,train,cold_wave|강원 춘천시|20251225|02,기타요식,12.487924273603303,2.601408401431771,16.95903410226483,10.935848153631646,3,3,-9.886515872171532
cold_wave,train,cold_wave|강원 춘천시|20251225|02,기타유통,-17.120256380449636,-5.112100186651571,-23.78336939847265,37.80652349200105,3,3,12.008156193798065
cold_wave,train,cold_wave|강원 춘천시|20251225|02,기타의료,-3.369142305515149,0.04739447689734888,-17.587065000827277,53.2936335569989,3,3,3.4165367824124977
cold_wave,train,cold_wave|강원 춘천시|20251225|02,노래방,19.061891003179106,-5.174209661546977,28.1753834479132,22.145724264220974,3,3,-24.23610066472608
cold_wave,train,cold_wave|강원 춘천시|20251225|02,농수산물,7.36915989255374,0.8232240640477336,-28.783883277349748,77.63276896794198,3,3,-6.545935828506006
cold_wave,train,cold_wave|강원 춘천시|20251225|02,독서실,101.93081616277856,-0.1642850594872757,88.1669323058082,87.7785400005005,3,3,-102.09510122226582
cold_wave,train,cold_wave|강원 춘천시|20251225|02,동물병원,-10.237730465412836,-3.97125559669038,-11.856977638666311,56.503490203107276,3,3,6.266474868722456
cold_wave,train,cold_wave|강원 춘천시|20251225|02,"모텔,여관,기타숙박",-11.556143043965058,-5.899628382977368,-19.45563229031511,15.093507067212613,3,3,5.65651466098769
cold_wave,train,cold_wave|강원 춘천시|20251225|02,문화용품,-49.03642732795074,-27.859253748603496,-50.60799245541622,8.8620513783909,3,3,21.177173579347244
cold_wave,train,cold_wave|강원 춘천시|20251225|02,미용서비스,50.843065992202156,-8.680330944872178,17.08963589624973,98.59821090900442,3,3,-59.52339693707434
cold_wave,train,cold_wave|강원 춘천시|20251225|02,미용실,10.463932253864712,2.195443582114269,14.491849585681924,40.873408728374294,3,3,-8.268488671750443
cold_wave,train,cold_wave|강원 춘천시|20251225|02,방문판매/다단계판매,118.87471496373878,-6.830117662149957,23.172415045833173,189.86463627706854,3,3,-125.70483262588874
cold_wave,train,cold_wave|강원 춘천시|20251225|02,보건소,-39.4593792357358,-30.53613539369903,-39.4593792357358,,1,1,8.923243842036772
cold_wave,train,cold_wave|강원 춘천시|20251225|02,사무기기/문구용품,-13.122021368953705,-2.415718058407904,-40.75075080968121,72.47434985801966,3,3,10.7063033105458
cold_wave,train,cold_wave|강원 춘천시|20251225|02,상품권/복권,-80.81178727183121,-30.13492247417822,-85.00922724680149,10.972165554574536,3,3,50.67686479765298
cold_wave,train,cold_wave|강원 춘천시|20251225|02,생활잡화/수입상품점,3.243358521802747,2.195443582114269,-5.21003904956702,14.93111258751067,3,3,-1.0479149396884782
cold_wave,train,cold_wave|강원 춘천시|20251225|02,서점,4.186837259378593,-6.513827553063879,-0.0805395487569477,9.83854650721607,3,3,-10.700664812442472
cold_wave,train,cold_wave|강원 춘천시|20251225|02,세탁소,-28.192248161825017,-10.677106193011886,-12.93492864937031,35.720638896623534,3,3,17.515141968813133
cold_wave,train,cold_wave|강원 춘천시|20251225|02,수제용품점,-39.80211828319606,-19.872690866579447,-37.55187273552139,5.032213684947411,3,3,19.929427416616612
cold_wave,train,cold_wave|강원 춘천시|20251225|02,스포츠/레저용품,71.42614721030166,1.9152573566023332,51.07123832658787,48.47267419825542,3,3,-69.51088985369933
cold_wave,train,cold_wave|강원 춘천시|20251225|02,스포츠시설,32.584011209955214,-4.573120350179015,35.36729120214316,18.77419896252741,3,3,-37.15713156013423
cold_wave,train,cold_wave|강원 춘천시|20251225|02,시계/귀금속,140.36093360572954,-3.7265046056181528,200.08862463450023,123.13305143201949,3,3,-144.0874382113477
cold_wave,train,cold_wave|강원 춘천시|20251225|02,실내/실외골프장,-92.29949128974319,-48.64584137494447,-92.44728899116244,1.9344893663483436,3,3,43.65364991479872
cold_wave,train,cold_wave|강원 춘천시|20251225|02,싸우나/목욕탕,46.57748735659336,-4.481271186229649,63.48590108771196,50.66701887492843,3,3,-51.05875854282301
cold_wave,train,cold_wave|강원 춘천시|20251225|02,악기/음반,123.80914910034994,-52.23209333618669,-87.15832403554178,375.3804942702288,3,3,-176.04124243653663
cold_wave,train,cold_wave|강원 춘천시|20251225|02,안마/마사지,-18.326442416538548,-26.994554831287616,-43.06314420529471,48.77788479156375,3,3,-8.668112414749068
cold_wave,train,cold_wave|강원 춘천시|20251225|02,애완동물,111.97410221359422,-5.804485372025503,61.922944309868704,149.70059519141867,3,3,-117.77858758561973
cold_wave,train,cold_wave|강원 춘천시|20251225|02,약국,-23.839088116162156,2.601408401431771,-29.45650019693936,53.48313684169496,3,3,26.440496517593928
cold_wave,train,cold_wave|강원 춘천시|20251225|02,양식,66.74916320020951,3.522038024577428,32.96053591946955,60.56788703833626,3,3,-63.22712517563208
cold_wave,train,cold_wave|강원 춘천시|20251225|02,연구/번역서비스,-27.616854271703705,-4.327593916986115,-50.5227316671239,53.95434264873974,3,3,23.28926035471759
cold_wave,train,cold_wave|강원 춘천시|20251225|02,영화/공연,32.11704583839278,-8.680330944872178,6.987056769028384,49.15810713438341,3,3,-40.79737678326495
cold_wave,train,cold_wave|강원 춘천시|20251225|02,예식장/결혼서비스,-90.44130967240032,-50.89773160508321,-93.80863191169496,8.147758680856763,3,3,39.543578067317114
cold_wave,train,cold_wave|강원 춘천시|20251225|02,오토바이,-88.54940777042208,-37.2546296254509,-88.54940777042208,4.860985366620731,2,2,51.294778144971175
cold_wave,train,cold_wave|강원 춘천시|20251225|02,완구/아동용자전거,176.34508353884053,-3.6799782998543282,27.06594145944242,296.2664290688657,3,3,-180.02506183869485
cold_wave,train,cold_wave|강원 춘천시|20251225|02,유치원,-62.10944113507361,-43.103163182198976,-57.94064654770761,26.94240523806581,3,3,19.006277952874633
cold_wave,train,cold_wave|강원 춘천시|20251225|02,유흥업소,32.711342757315926,0.8232240640477345,36.73145026085343,15.650464817121026,3,3,-31.88811869326819
cold_wave,train,cold_wave|강원 춘천시|20251225|02,의복/의류,95.44433281195354,2.195443582114269,35.8528461081107,106.61883409707897,3,3,-93.24888922983928
cold_wave,train,cold_wave|강원 춘천시|20251225|02,인테리어/건축자재/주방기구,-22.298581097106336,2.601408401431771,-5.257655053174244,50.4514203355431,3,3,24.89998949853811
cold_wave,train,cold_wave|강원 춘천시|20251225|02,일반병원,-26.83301313080051,2.601408401431771,-2.324758274054852,55.70376940870998,3,3,29.43442153223228
cold_wave,train,cold_wave|강원 춘천시|20251225|02,일식,28.006519314405214,4.004748260602091,29.482602729959304,18.98743387296678,3,3,-24.00177105380312
cold_wave,train,cold_wave|강원 춘천시|20251225|02,자동차서비스,-28.19084444063846,1.2291063117728949,-37.51108651315722,47.838384976894055,3,3,29.419950752411356
cold_wave,train,cold_wave|강원 춘천시|20251225|02,자동차용품,-38.710783489563134,1.9152573566023336,-42.74305064011493,44.98630312913816,3,3,40.626040846165466
cold_wave,train,cold_wave|강원 춘천시|20251225|02,장례식장/묘지/장의사,-93.99124241908959,-13.156802009230912,-93.99124241908959,2.350104130452646,2,2,80.83444040985867
cold_wave,train,cold_wave|강원 춘천시|20251225|02,전용매장,13.312696363230211,1.8171372084510136,13.312696363230211,40.50066753324262,2,2,-11.495559154779198
cold_wave,train,cold_wave|강원 춘천시|20251225|02,정육점,32.22059420598577,2.195443582114269,24.025623321372585,26.67719015795804,3,3,-30.0251506238715
cold_wave,train,cold_wave|강원 춘천시|20251225|02,제과점,19.990610432460038,2.195443582114269,22.077115975227137,23.796473749104802,3,3,-17.79516685034577
cold_wave,train,cold_wave|강원 춘천시|20251225|02,종합레저타운/놀이동산,52.1736534981785,-4.364111134290822,15.471487219365448,96.84865806518883,3,3,-56.537764632469326
cold_wave,train,cold_wave|강원 춘천시|20251225|02,종합병원,-38.877543632758396,1.9152573566023336,-61.10388397374167,50.101729054734555,3,3,40.79280098936073
cold_wave,train,cold_wave|강원 춘천시|20251225|02,주류판매,-96.60366660956406,13.334950545427876,-96.60366660956406,,1,1,109.93861715499193
cold_wave,train,cold_wave|강원 춘천시|20251225|02,주유소,-10.0604037425612,2.601408401431771,-10.945864706265146,5.528385308257443,3,3,12.66181214399297
cold_wave,train,cold_wave|강원 춘천시|20251225|02,주차장,-40.5511543855755,-43.94903131921512,-34.392438421921085,20.302566120265272,3,3,-3.3978769336396226
cold_wave,train,cold_wave|강원 춘천시|20251225|02,중고품판매점,20.761964296389618,-48.9541333053645,-53.43639694844615,145.43842440273895,3,3,-69.71609760175411
cold_wave,train,cold_wave|강원 춘천시|20251225|02,중식,17.717990543201534,3.522038024577428,17.093561837701316,3.932262656333357,3,3,-14.195952518624106
cold_wave,train,cold_wave|강원 춘천시|20251225|02,체인점,-44.31146571764509,-42.252964193682985,-65.68260366347265,44.95824456188123,3,3,2.058501523962107
cold_wave,train,cold_wave|강원 춘천시|20251225|02,치과병원,-19.226377108767778,2.053679278741473,-11.517739273479403,69.21993282846171,3,3,21.28005638750925
cold_wave,train,cold_wave|강원 춘천시|20251225|02,커피전문점,6.091467074276242,2.195443582114269,1.332634739027336,14.64177612668798,3,3,-3.896023492161973
cold_wave,train,cold_wave|강원 춘천시|20251225|02,컴퓨터/소프트웨어,-74.50661731762335,-8.40505259787348,-65.37043340402438,18.528028622573686,3,3,66.10156471974987
cold_wave,train,cold_wave|강원 춘천시|20251225|02,택시,-50.623456016207896,-11.151627386397521,-50.623456016207896,51.585152968589284,2,2,39.471828629810375
cold_wave,train,cold_wave|강원 춘천시|20251225|02,패션잡화,17.281927535267293,-3.235661355565379,-2.6204220127802715,49.5132021342636,3,3,-20.517588890832673
cold_wave,train,cold_wave|강원 춘천시|20251225|02,패스트푸드,4.107839758648443,-0.36622890013936577,12.129204856369505,16.511188110494885,3,3,-4.474068658787809
cold_wave,train,cold_wave|강원 춘천시|20251225|02,편의점,-8.892827805204044,2.601408401431771,-7.768659907839152,4.836040576030262,3,3,11.494236206635815
cold_wave,train,cold_wave|강원 춘천시|20251225|02,학원/학습지,-23.230354636957344,-0.8292642511230784,-61.1645126209126,79.14925179740324,3,3,22.401090385834266
cold_wave,train,cold_wave|강원 춘천시|20251225|02,한식,10.75000291166891,2.601408401431771,13.777164030810566,5.360833275159013,3,3,-8.148594510237139
cold_wave,train,cold_wave|강원 춘천시|20251225|02,한의원,32.167695003216004,-5.9680308448300865,90.70140523909828,107.043566200119,3,3,-38.13572584804609
cold_wave,train,cold_wave|강원 춘천시|20251225|02,할인점/슈퍼마켓/양판점,16.68984021120677,2.601408401431771,26.2676202220561,16.681774780933644,3,3,-14.088431809775
cold_wave,train,cold_wave|강원 춘천시|20251225|02,헬스장,-27.137001271777297,-5.156444818391865,-49.57522234048649,66.43169092191013,3,3,21.980556453385432
cold_wave,train,cold_wave|강원 춘천시|20251225|02,호텔/콘도,46.04407192984629,3.120351965626653,29.573864546540825,41.43767642178676,3,3,-42.923719964219636
cold_wave,train,cold_wave|강원 춘천시|20251225|02,화원,-14.612390091262478,-5.396747858989312,-11.585551169843656,11.555464805123401,3,3,9.215642232273165
cold_wave,train,cold_wave|강원 춘천시|20251225|02,화장품,4.94689424679538,-5.6118334094324105,-27.08432198906672,71.28267844553142,3,3,-10.558727656227791
cold_wave,train,cold_wave|강원 춘천시|20251225|02,회계/변리서비스,-81.94258079059261,-43.34785863074501,-81.94258079059261,17.572748213972066,2,2,38.594722159847606
cold_wave,train,cold_wave|서울 강남구|20251202|02,LPG가스,-8.711147084978982,-1.6781976942148458,-20.12627453464692,22.04228967979114,3,3,7.032949390764137
cold_wave,train,cold_wave|서울 강남구|20251202|02,ZZ_나머지,74.81076986295596,-8.747982910545002,-1.459629821372918,150.0587380045534,3,3,-83.55875277350097
cold_wave,train,cold_wave|서울 강남구|20251202|02,가구,-4.22847837574342,-0.9920466493854082,-5.1110585491625375,18.191285180196683,3,3,3.236431726358012
cold_wave,train,cold_wave|서울 강남구|20251202|02,가전,-7.748476354783693,1.505830434867103,-40.43378554350337,58.88975242619616,3,3,9.254306789650796
cold_wave,train,cold_wave|서울 강남구|20251202|02,게임방/오락실,-33.92306721109269,-5.275964279977113,-31.850450260649072,3.8903984343623503,3,3,28.64710293111558
cold_wave,train,cold_wave|서울 강남구|20251202|02,결제대행(PG),16.717769312560968,-0.9666050373322461,19.950962227337133,19.314342809006156,3,3,-17.684374349893215
cold_wave,train,cold_wave|서울 강남구|20251202|02,고속버스/철도/여객선,-12.889999905345093,-0.3058956045559707,-11.669550923204538,9.00768472986119,3,3,12.584104300789122
cold_wave,train,cold_wave|서울 강남구|20251202|02,기타식품,2.4296657036199605,-0.3058956045559707,9.071763881016295,15.9111530744666,3,3,-2.735561308175931
cold_wave,train,cold_wave|서울 강남구|20251202|02,기타요식,6.461637820111831,-0.3058956045559707,5.407996515040902,3.8348145093299753,3,3,-6.7675334246678025
cold_wave,train,cold_wave|서울 강남구|20251202|02,기타유통,-0.5550853559808994,-1.6781976942148458,-11.845926635961897,25.0720914323928,3,3,-1.1231123382339465
cold_wave,train,cold_wave|서울 강남구|20251202|02,기타의료,-8.726849290807365,-0.3058956045559707,-8.35350237530893,18.5086976686057,3,3,8.420953686251394
cold_wave,train,cold_wave|서울 강남구|20251202|02,노래방,-8.743373517585903,-1.2213496507910178,-3.467174331094262,15.7637822943725,3,3,7.5220238667948855
cold_wave,train,cold_wave|서울 강남구|20251202|02,농수산물,7.815156447042255,-0.7118604238734739,7.643191311678339,5.438860718635562,3,3,-8.527016870915729
cold_wave,train,cold_wave|서울 강남구|20251202|02,독서실,-43.22064896426868,-12.200501475497214,-40.42271832831092,12.640795832630566,3,3,31.02014748877147
cold_wave,train,cold_wave|서울 강남구|20251202|02,동물병원,0.10190796261323894,-0.9920466493854082,12.785765605874952,23.637739075870297,3,3,-1.0939546119986472
cold_wave,train,cold_wave|서울 강남구|20251202|02,면세점,-75.02821913267438,-27.355914183443616,-89.34869988941365,32.18297966613249,3,3,47.672304949230764
cold_wave,train,cold_wave|서울 강남구|20251202|02,"모텔,여관,기타숙박",-22.677968327798226,-0.9920466493854082,-14.77536215414169,28.32531900247928,3,3,21.685921678412818
cold_wave,train,cold_wave|서울 강남구|20251202|02,문화용품,-33.72321133080174,-17.370078570676423,-34.52485654311453,2.458788309458049,3,3,16.353132760125316
cold_wave,train,cold_wave|서울 강남구|20251202|02,미용서비스,27.05892848559451,1.273277949590461,25.827608265983507,13.01544621288649,3,3,-25.78565053600405
cold_wave,train,cold_wave|서울 강남구|20251202|02,미용실,-4.613410986187177,-0.3058956045559707,-1.748600485277846,7.661664723380322,3,3,4.307515381631206
cold_wave,train,cold_wave|서울 강남구|20251202|02,방문판매/다단계판매,-5.142949885161286,-0.3058956045559707,-3.64701833216074,6.355262254386824,3,3,4.837054280605315
cold_wave,train,cold_wave|서울 강남구|20251202|02,백화점,-9.386775659812033,-0.3058956045559707,-10.952033733832174,4.135960003042034,3,3,9.080880055256062
cold_wave,train,cold_wave|서울 강남구|20251202|02,법률/사무서비스,33.77633556789034,-0.3058956045559707,29.49121504939201,14.453950878275672,3,3,-34.08223117244631
cold_wave,train,cold_wave|서울 강남구|20251202|02,보건소,-2.8137676203139406,-35.66906321562612,-8.95292013529702,28.088387561415615,3,3,-32.85529559531218
cold_wave,train,cold_wave|서울 강남구|20251202|02,보험,-58.191986031709774,-25.261238394721943,-56.30995608673502,3.9803458740371567,3,3,32.93074763698783
cold_wave,train,cold_wave|서울 강남구|20251202|02,부동산중개,180.54213140197683,87.58505315673335,171.04169929555033,151.1763639021778,3,3,-92.95707824524348
cold_wave,train,cold_wave|서울 강남구|20251202|02,사무기기/문구용품,42.71567065634409,-0.3058956045559707,35.713799284961496,17.86433141716119,3,3,-43.02156626090006
cold_wave,train,cold_wave|서울 강남구|20251202|02,상품권/복권,110.8643367971669,-1.3990029934217256,111.8246187164346,70.0696347367703,3,3,-112.26333979058863
cold_wave,train,cold_wave|서울 강남구|20251202|02,생활잡화/수입상품점,33.61098299719365,-0.3058956045559707,30.056347467752968,12.56938267153787,3,3,-33.91687860174962
cold_wave,train,cold_wave|서울 강남구|20251202|02,서점,-32.93882741023261,-0.3058956045559707,-31.712559769509483,3.5680241900428276,3,3,32.63293180567664
cold_wave,train,cold_wave|서울 강남구|20251202|02,세탁소,15.134637915863271,-1.2213496507910178,4.83957851373104,21.974586666509254,3,3,-16.35598756665429
cold_wave,train,cold_wave|서울 강남구|20251202|02,쇼핑몰,32.81833689317113,0.20176757826410022,45.42454716986956,25.96955648518703,3,3,-32.616569314907025
cold_wave,train,cold_wave|서울 강남구|20251202|02,수입자동차,-55.15854614709786,-30.410940438409654,-51.22341488028267,17.276058415245252,3,3,24.747605708688205
cold_wave,train,cold_wave|서울 강남구|20251202|02,수제용품점,-63.32213906738068,-53.32885846574228,-81.12325864476557,41.46513982822449,3,3,9.993280601638403
cold_wave,train,cold_wave|서울 강남구|20251202|02,스포츠/레저용품,-17.460648162879952,-0.3058956045559707,-16.924239071030517,9.312407230605324,3,3,17.15475255832398
cold_wave,train,cold_wave|서울 강남구|20251202|02,스포츠시설,-14.624900655369059,-0.7118604238734739,-23.477021872847534,19.125054673528844,3,3,13.913040231495584
cold_wave,train,cold_wave|서울 강남구|20251202|02,시계/귀금속,-48.2488298681724,-0.3058956045559707,-49.454329612337546,16.453371251962654,3,3,47.94293426361643
cold_wave,train,cold_wave|서울 강남구|20251202|02,실내/실외골프장,-11.295516272465411,-18.398723801411712,-33.409387344192254,41.90182095005097,3,3,-7.103207528946301
cold_wave,train,cold_wave|서울 강남구|20251202|02,싸우나/목욕탕,-2.358603721019835,-7.346487488503249,4.770309927988393,34.64424309174784,3,3,-4.987883767483414
cold_wave,train,cold_wave|서울 강남구|20251202|02,악기/음반,-78.38254249199218,-23.423411892245337,-74.35688142913345,14.06809652859444,3,3,54.95913059974684
cold_wave,train,cold_wave|서울 강남구|20251202|02,안마/마사지,31.718608194549308,-5.733525917519665,41.269478246808205,19.556336000015033,3,3,-37.452134112068975
cold_wave,train,cold_wave|서울 강남구|20251202|02,애완동물,-6.059265497291299,-6.243754588589397,-3.069270681239655,22.511904374680125,3,3,-0.1844890912980981
cold_wave,train,cold_wave|서울 강남구|20251202|02,약국,6.715525847310374,-0.3058956045559707,0.2297569124504521,15.16589705330214,3,3,-7.021421451866345
cold_wave,train,cold_wave|서울 강남구|20251202|02,양식,-17.48413983920623,-0.3058956045559707,-13.9003860967357,6.53332462739493,3,3,17.178244234650258
cold_wave,train,cold_wave|서울 강남구|20251202|02,여행사/항공사,146.79703187584607,1.580154490639013,177.35502821039574,192.77381329811658,3,3,-145.21687738520706
cold_wave,train,cold_wave|서울 강남구|20251202|02,연구/번역서비스,8.33210548283677,-0.3058956045559707,6.19651653920051,11.842025313093144,3,3,-8.638001087392741
cold_wave,train,cold_wave|서울 강남구|20251202|02,영화/공연,-21.685279675562516,-2.5625472063507972,-17.96923488904679,14.834835070113284,3,3,19.12273246921172
cold_wave,train,cold_wave|서울 강남구|20251202|02,예식장/결혼서비스,-47.27817921265329,-30.516670367236916,-47.33010338572425,2.4909379114584795,3,3,16.761508845416376
cold_wave,train,cold_wave|서울 강남구|20251202|02,오토바이,-3.8055814392046323,-18.378563779272323,-12.140773440753016,24.625158357919638,3,3,-14.572982340067691
cold_wave,train,cold_wave|서울 강남구|20251202|02,완구/아동용자전거,-35.23818025785726,-12.386320615762537,-48.11767481043541,56.85677579178196,3,3,22.851859642094723
cold_wave,train,cold_wave|서울 강남구|20251202|02,유치원,-81.47206908289624,-60.50300412956159,-81.75151837357957,8.150470228645734,3,3,20.96906495333465
cold_wave,train,cold_wave|서울 강남구|20251202|02,유흥업소,6.789637659912926,-0.3058956045559707,13.726953163513334,19.422793155562925,3,3,-7.095533264468897
cold_wave,train,cold_wave|서울 강남구|20251202|02,의복/의류,-8.070011554665134,-0.3058956045559707,-6.576169251229302,12.626672449073418,3,3,7.764115950109163
cold_wave,train,cold_wave|서울 강남구|20251202|02,인테리어/건축자재/주방기구,51.36102817047266,-0.3058956045559707,60.43945715561329,24.707462421070286,3,3,-51.66692377502863
cold_wave,train,cold_wave|서울 강남구|20251202|02,일반병원,11.14589130228341,0.20176757826410022,14.646105231441847,10.217751176760519,3,3,-10.94412372401931
cold_wave,train,cold_wave|서울 강남구|20251202|02,일식,11.068382251129888,-0.3058956045559707,9.759623286711394,12.203663060843809,3,3,-11.37427785568586
cold_wave,train,cold_wave|서울 강남구|20251202|02,자동차서비스,47.644743001496785,-0.3058956045559707,40.70222749787002,18.193762058418947,3,3,-47.950638606052756
cold_wave,train,cold_wave|서울 강남구|20251202|02,자동차용품,92.02063410721422,1.273277949590461,30.86657952777332,124.04663864933089,3,3,-90.74735615762376
cold_wave,train,cold_wave|서울 강남구|20251202|02,장례식장/묘지/장의사,57.3262061310682,-0.9920466493854082,55.93478252103523,44.0913476062165,3,3,-58.318252780453605
cold_wave,train,cold_wave|서울 강남구|20251202|02,전용매장,7.001344696829712,1.4116057379937532,16.388670343208886,20.250888677063205,3,3,-5.589738958835959
cold_wave,train,cold_wave|서울 강남구|20251202|02,정육점,-2.024095070021971,-0.3058956045559707,1.862618485238408,10.217625958913013,3,3,1.7181994654660002
cold_wave,train,cold_wave|서울 강남구|20251202|02,제과점,1.8134360613501033,-0.3058956045559707,1.4732983930710744,6.528626917960404,3,3,-2.119331665906074
cold_wave,train,cold_wave|서울 강남구|20251202|02,종합병원,29.13015631398243,-0.3058956045559707,31.71112477988125,9.288687415694548,3,3,-29.4360519185384
cold_wave,train,cold_wave|서울 강남구|20251202|02,주류판매,21.253137835416684,-0.9920466493854088,25.141026456665998,25.996792917134297,3,3,-22.245184484802092
cold_wave,train,cold_wave|서울 강남구|20251202|02,주유소,8.6765288273988,-0.3058956045559707,8.466119030912198,5.629570930715157,3,3,-8.98242443195477
cold_wave,train,cold_wave|서울 강남구|20251202|02,주차장,20.414589523102098,-0.7118604238734739,19.503080925184022,4.1862554041132185,3,3,-21.126449946975573
cold_wave,train,cold_wave|서울 강남구|20251202|02,중고품판매점,-33.449413987943615,-19.08561481560933,-23.52492514901129,21.315777282788606,3,3,14.363799172334286
cold_wave,train,cold_wave|서울 강남구|20251202|02,중식,17.020840497577023,-0.3058956045559707,16.576502699760585,11.007357076118435,3,3,-17.326736102132994
cold_wave,train,cold_wave|서울 강남구|20251202|02,체인점,-8.565335518094779,-18.011649620501522,-1.01964232853985,31.268606719890563,3,3,-9.446314102406744
cold_wave,train,cold_wave|서울 강남구|20251202|02,치과병원,11.949078217226166,-0.3058956045559707,19.48902924189537,21.166547567075533,3,3,-12.254973821782137
cold_wave,train,cold_wave|서울 강남구|20251202|02,커피전문점,5.706511304894001,-0.3058956045559707,5.208541149119874,0.9887831229660744,3,3,-6.012406909449972
cold_wave,train,cold_wave|서울 강남구|20251202|02,컴퓨터/소프트웨어,-0.9565720505730502,0.20176757826410022,-0.245757747765473,2.094831163246288,3,3,1.1583396288371504
cold_wave,train,cold_wave|서울 강남구|20251202|02,택시,-14.190003316615204,-16.10653797296324,-35.43416954502584,54.134072260297195,3,3,-1.916534656348034
cold_wave,train,cold_wave|서울 강남구|20251202|02,"통신요금(이동,시내전화)",8.94487675208663,-0.3058956045559707,11.868010458443136,28.49731211605864,3,3,-9.250772356642601
cold_wave,train,cold_wave|서울 강남구|20251202|02,패션잡화,28.470258296079106,-0.3058956045559707,32.28413271922255,11.249170807576998,3,3,-28.776153900635077
cold_wave,train,cold_wave|서울 강남구|20251202|02,패스트푸드,-0.1915229730466411,-0.3058956045559707,0.0207896125777822,6.029930877806885,3,3,-0.11437263150932961
cold_wave,train,cold_wave|서울 강남구|20251202|02,편의점,6.3010040145827135,-0.3058956045559707,5.9070987968712325,1.2910381381201521,3,3,-6.606899619138685
cold_wave,train,cold_wave|서울 강남구|20251202|02,학원/학습지,3.022590432523446,-0.1366745436159473,-2.294603263772617,24.17447156273481,3,3,-3.159264976139393
cold_wave,train,cold_wave|서울 강남구|20251202|02,한식,16.771958142531727,0.20176757826410022,14.057231007179436,5.7792558979320585,3,3,-16.570190564267627
cold_wave,train,cold_wave|서울 강남구|20251202|02,한의원,-4.542412835843869,-0.3058956045559707,0.8381147775252438,9.625185978158441,3,3,4.236517231287898
cold_wave,train,cold_wave|서울 강남구|20251202|02,할인점/슈퍼마켓/양판점,-8.166429683040688,-0.1366745436159473,-8.90688434571484,1.3832918339904818,3,3,8.02975513942474
cold_wave,train,cold_wave|서울 강남구|20251202|02,헬스장,11.700762751334366,-0.3058956045559707,0.0158041633660678,35.72957350603894,3,3,-12.006658355890337
cold_wave,train,cold_wave|서울 강남구|20251202|02,호텔/콘도,25.76548713973561,-0.3058956045559707,32.630036669977216,18.334623750365637,3,3,-26.07138274429158
cold_wave,train,cold_wave|서울 강남구|20251202|02,화원,5.30820441098379,-1.744847769458487,9.156305261467333,33.6623035448575,3,3,-7.053052180442277
cold_wave,train,cold_wave|서울 강남구|20251202|02,화장품,-3.708489313635974,-0.3058956045559707,-3.9934872981894594,13.695074163857166,3,3,3.402593709080003
cold_wave,train,cold_wave|서울 강남구|20251202|02,회계/변리서비스,-5.831314990669505,-1.3183685832916316,-13.700494743371689,41.62809976418368,3,3,4.512946407377874
cold_wave,train,cold_wave|서울 강남구|20251225|03,LPG가스,-31.8158258612395,-4.394263140034954,-33.13360581134874,5.645492100669627,3,3,27.421562721204545
cold_wave,train,cold_wave|서울 강남구|20251225|03,ZZ_나머지,-5.686527297897785,-1.8058894424090173,-44.81703455414571,78.72565441488875,3,3,3.880637855488768
cold_wave,train,cold_wave|서울 강남구|20251225|03,가구,55.72980582592013,-3.0219610503760737,26.364041430041457,94.41760695913493,3,3,-58.7517668762962
cold_wave,train,cold_wave|서울 강남구|20251225|03,가전,-27.73646474051846,-3.0219610503760737,-32.895643568400885,13.534526890509243,3,3,24.714503690142386
cold_wave,train,cold_wave|서울 강남구|20251225|03,게임방/오락실,43.69733411043527,-3.427925869693576,52.84621727094487,32.65120223925953,3,3,-47.125259980128845
cold_wave,train,cold_wave|서울 강남구|20251225|03,결제대행(PG),-8.33023226013791,-3.427925869693576,0.2365039112055106,16.339012005833986,3,3,4.902306390444334
cold_wave,train,cold_wave|서울 강남구|20251225|03,고속버스/철도/여객선,-12.148119008620085,-3.0219610503760737,-12.04844987153378,4.278362154833099,3,3,9.126157958244011
cold_wave,train,cold_wave|서울 강남구|20251225|03,기타식품,-23.764980828501177,-3.0219610503760737,-44.582560308254536,38.33690742194247,3,3,20.743019778125102
cold_wave,train,cold_wave|서울 강남구|20251225|03,기타요식,-7.75354313958255,-3.0219610503760737,-10.097343848850915,6.907537377789173,3,3,4.731582089206476
cold_wave,train,cold_wave|서울 강남구|20251225|03,기타유통,-29.125956088118702,-4.394263140034954,-30.919147333324364,44.559941393596404,3,3,24.731692948083747
cold_wave,train,cold_wave|서울 강남구|20251225|03,기타의료,-51.48849086676065,-3.0219610503760737,-94.04328309827456,74.0466287528341,3,3,48.46652981638458
cold_wave,train,cold_wave|서울 강남구|20251225|03,노래방,4.805553645115664,-3.427925869693576,4.245807739570717,6.670313672183922,3,3,-8.23347951480924
cold_wave,train,cold_wave|서울 강남구|20251225|03,농수산물,-0.9587209326980813,-2.5030174861811916,-3.113071691037204,11.04824645646743,3,3,-1.5442965534831101
cold_wave,train,cold_wave|서울 강남구|20251225|03,독서실,54.09380710645066,-6.253439649306794,74.71019092770152,94.78910553251293,3,3,-60.34724675575745
cold_wave,train,cold_wave|서울 강남구|20251225|03,동물병원,2.717892727946276,-3.0219610503760737,11.860342586305434,29.44557258763026,3,3,-5.73985377832235
cold_wave,train,cold_wave|서울 강남구|20251225|03,면세점,4.603718523790794,-9.667258705365994,-40.28606621574966,88.00311207757044,3,3,-14.270977229156788
cold_wave,train,cold_wave|서울 강남구|20251225|03,"모텔,여관,기타숙박",17.00028393898917,-3.0219610503760737,11.162288719314724,24.551734711491214,3,3,-20.022244989365245
cold_wave,train,cold_wave|서울 강남구|20251225|03,문화용품,2.9494687082885207,-6.313508132790261,-17.01977279150892,58.41335756782987,3,3,-9.262976841078782
cold_wave,train,cold_wave|서울 강남구|20251225|03,미용서비스,-18.954352376244714,-4.39426314003495,-15.550379357083782,43.292039391917605,3,3,14.560089236209762
cold_wave,train,cold_wave|서울 강남구|20251225|03,미용실,0.07060438962206206,-3.0219610503760737,6.869752017618445,32.14769513352074,3,3,-3.0925654399981357
cold_wave,train,cold_wave|서울 강남구|20251225|03,방문판매/다단계판매,-7.266749773667335,-3.0219610503760737,4.093638762020737,64.9798308099498,3,3,4.244788723291261
cold_wave,train,cold_wave|서울 강남구|20251225|03,백화점,41.23108922998217,-2.6835189284960275,35.768089792300486,24.944808600453907,3,3,-43.914608158478195
cold_wave,train,cold_wave|서울 강남구|20251225|03,법률/사무서비스,-44.59366375720053,-1.3236713195712548,-44.59366375720053,39.2307813482016,2,2,43.26999243762928
cold_wave,train,cold_wave|서울 강남구|20251225|03,보건소,-26.544219481414807,-11.868472106435588,-26.544219481414807,,1,1,14.675747374979219
cold_wave,train,cold_wave|서울 강남구|20251225|03,보험,79.2230359889874,4.643709177788897,-96.09431640421124,304.9770345766858,3,3,-74.57932681119851
cold_wave,train,cold_wave|서울 강남구|20251225|03,부동산중개,154.7286297205671,0.22295753976480626,-90.5683099572542,429.9733133634386,3,3,-154.50567218080232
cold_wave,train,cold_wave|서울 강남구|20251225|03,사무기기/문구용품,-24.893036213433245,-3.7081120952055127,-81.17180342516822,98.97786240406101,3,3,21.184924118227734
cold_wave,train,cold_wave|서울 강남구|20251225|03,상품권/복권,-31.64231232225023,-4.453510561121875,-34.21230782558573,4.512902625538329,3,3,27.188801761128357
cold_wave,train,cold_wave|서울 강남구|20251225|03,생활잡화/수입상품점,-14.00428926472025,-3.0219610503760737,-11.19515429936783,10.294512873924004,3,3,10.982328214344175
cold_wave,train,cold_wave|서울 강남구|20251225|03,서점,90.89443339147454,-3.0219610503760737,90.8478100359832,38.630871761813225,3,3,-93.91639444185061
cold_wave,train,cold_wave|서울 강남구|20251225|03,세탁소,1.737254054210555,-5.668409875928646,-34.22178833587105,106.39085347152805,3,3,-7.405663930139201
cold_wave,train,cold_wave|서울 강남구|20251225|03,쇼핑몰,-9.065210884747483,-3.0219610503760737,-7.788623642152947,10.823774784078216,3,3,6.043249834371409
cold_wave,train,cold_wave|서울 강남구|20251225|03,수입자동차,-56.58823684491877,-31.030829831727615,-56.58823684491877,49.36725537749589,2,2,25.557407013191153
cold_wave,train,cold_wave|서울 강남구|20251225|03,수제용품점,-22.936215181187652,-30.46334237360004,-31.61142898472583,47.582201492355296,3,3,-7.527127192412387
cold_wave,train,cold_wave|서울 강남구|20251225|03,스포츠/레저용품,-14.756625306466306,-3.0219610503760737,-8.340247673328847,12.758803196288806,3,3,11.734664256090232
cold_wave,train,cold_wave|서울 강남구|20251225|03,스포츠시설,4.061730330468265,-2.9857277222058567,6.370179356511017,19.201771568945656,3,3,-7.047458052674122
cold_wave,train,cold_wave|서울 강남구|20251225|03,시계/귀금속,28.08972481222841,-3.0219610503760737,7.270533752944252,39.977121923692366,3,3,-31.111685862604485
cold_wave,train,cold_wave|서울 강남구|20251225|03,실내/실외골프장,-15.908943703721798,-16.054489922169804,-12.856176895397942,20.9135121601453,3,3,-0.14554621844800586
cold_wave,train,cold_wave|서울 강남구|20251225|03,싸우나/목욕탕,23.405578292297577,-8.859556688090171,8.658784241105877,39.012839358899285,3,3,-32.26513498038775
cold_wave,train,cold_wave|서울 강남구|20251225|03,악기/음반,-31.474255825988923,-5.845167071758006,-70.51520539670585,76.46591183315523,3,3,25.629088754230917
cold_wave,train,cold_wave|서울 강남구|20251225|03,안마/마사지,-8.647280543499392,-9.804477025106577,-9.743840593999057,30.708532120691267,3,3,-1.1571964816071851
cold_wave,train,cold_wave|서울 강남구|20251225|03,애완동물,-12.771482376005073,-8.957861280545716,-17.16369298422096,29.894190050714446,3,3,3.8136210954593572
cold_wave,train,cold_wave|서울 강남구|20251225|03,약국,-30.590172831847667,-3.0219610503760737,-27.63508068441444,60.2347371408328,3,3,27.568211781471593
cold_wave,train,cold_wave|서울 강남구|20251225|03,양식,18.407703710263533,-3.0219610503760737,8.362966000770927,29.02908630725232,3,3,-21.429664760639607
cold_wave,train,cold_wave|서울 강남구|20251225|03,여행사/항공사,-46.79333169960527,-5.445294182082915,-67.66702693389166,52.48909129522952,3,3,41.34803751752236
cold_wave,train,cold_wave|서울 강남구|20251225|03,연구/번역서비스,-12.535448302209682,-3.0219610503760737,-1.1652839383010447,33.85233671139868,3,3,9.513487251833608
cold_wave,train,cold_wave|서울 강남구|20251225|03,영화/공연,-2.7142546135773635,-5.989598351947218,3.552544772093971,13.908251188865568,3,3,-3.2753437383698545
cold_wave,train,cold_wave|서울 강남구|20251225|03,예식장/결혼서비스,-7.193795082886254,-14.112355843156712,-37.62959067722739,101.94368509305596,3,3,-6.9185607602704575
cold_wave,train,cold_wave|서울 강남구|20251225|03,오토바이,-42.10949997243001,-24.97630968563985,-24.8881993795095,33.49344698569353,3,3,17.133190286790157
cold_wave,train,cold_wave|서울 강남구|20251225|03,완구/아동용자전거,30.087499322241655,-7.290861450742345,-27.78055554709929,106.51328781036443,3,3,-37.378360772984
cold_wave,train,cold_wave|서울 강남구|20251225|03,유치원,-51.58944560431245,-45.31300961552578,-76.72849554125,58.53898795890363,3,3,6.276435988786673
cold_wave,train,cold_wave|서울 강남구|20251225|03,유흥업소,-26.905343911104804,-3.0219610503760737,-24.5549637978861,17.79864290663284,3,3,23.88338286072873
cold_wave,train,cold_wave|서울 강남구|20251225|03,의복/의류,-2.807848826296505,-3.0219610503760737,2.3985408614089585,14.74063999639821,3,3,-0.21411222407956876
cold_wave,train,cold_wave|서울 강남구|20251225|03,인테리어/건축자재/주방기구,-14.991830817240555,-3.7081120952055127,-60.53483182951737,100.82803070895602,3,3,11.283718722035042
cold_wave,train,cold_wave|서울 강남구|20251225|03,일반병원,-4.971947122862267,-6.268174754661431,13.62962066440934,82.2739525682028,3,3,-1.2962276317991641
cold_wave,train,cold_wave|서울 강남구|20251225|03,일식,8.866645049610925,-3.0219610503760737,6.1546242005256016,10.288928215140752,3,3,-11.888606099987
cold_wave,train,cold_wave|서울 강남구|20251225|03,자동차서비스,-31.382783101919,-3.0219610503760737,-48.736259947838896,53.710332323387874,3,3,28.360822051542925
cold_wave,train,cold_wave|서울 강남구|20251225|03,자동차용품,-53.16522333614552,-4.391162824334982,-74.13627873240867,51.45446938409833,3,3,48.77406051181054
cold_wave,train,cold_wave|서울 강남구|20251225|03,장례식장/묘지/장의사,13.771130175761746,-4.046874510449457,41.01866689416252,54.68979994900659,3,3,-17.818004686211204
cold_wave,train,cold_wave|서울 강남구|20251225|03,전용매장,-3.6386194189948458,-1.302500953962565,-7.706613819726416,22.48701281014862,3,3,2.336118465032281
cold_wave,train,cold_wave|서울 강남구|20251225|03,정육점,-11.226379016388558,-3.0219610503760737,-13.826233357471638,6.746484720416554,3,3,8.204417966012484
cold_wave,train,cold_wave|서울 강남구|20251225|03,제과점,-6.756949057923003,-3.0219610503760737,-6.883724273166453,2.662575067711708,3,3,3.7349880075469293
cold_wave,train,cold_wave|서울 강남구|20251225|03,종합병원,-27.671705060037684,-3.0219610503760737,-42.790871998556334,43.55207872318494,3,3,24.64974400966161
cold_wave,train,cold_wave|서울 강남구|20251225|03,주류판매,4.707338459626851,-3.7081120952055127,-34.02720421471978,69.09056573155559,3,3,-8.415450554832365
cold_wave,train,cold_wave|서울 강남구|20251225|03,주유소,-14.015547034553636,-3.0219610503760737,-19.34528872664912,13.261358069256154,3,3,10.993585984177562
cold_wave,train,cold_wave|서울 강남구|20251225|03,주차장,-17.31349226335142,-3.427925869693576,-39.97623515676819,41.161495641175314,3,3,13.885566393657845
cold_wave,train,cold_wave|서울 강남구|20251225|03,중고품판매점,-15.260767247987127,-18.813251764504635,-74.18322740048515,124.3282491230619,3,3,-3.5524845165175076
cold_wave,train,cold_wave|서울 강남구|20251225|03,중식,-1.3199713373061452,-3.0219610503760737,-8.700567703708213,12.863225805485545,3,3,-1.7019897130699284
cold_wave,train,cold_wave|서울 강남구|20251225|03,체인점,4.387938474872034,-10.097416413027316,-3.15545541125193,51.27650150801474,3,3,-14.485354887899351
cold_wave,train,cold_wave|서울 강남구|20251225|03,치과병원,-21.612991648351866,-2.8835391282369343,-5.1227662203209885,70.97461050010477,3,3,18.729452520114933
cold_wave,train,cold_wave|서울 강남구|20251225|03,커피전문점,-11.8861531643577,-3.0219610503760737,-13.854885882831184,8.65130240776496,3,3,8.864192113981625
cold_wave,train,cold_wave|서울 강남구|20251225|03,컴퓨터/소프트웨어,9.410816517119201,-2.5142978675560035,2.9227512111997656,14.519502238093047,3,3,-11.925114384675204
cold_wave,train,cold_wave|서울 강남구|20251225|03,택시,125.5935251300942,5.442672521703124,125.5935251300942,,1,1,-120.15085260839108
cold_wave,train,cold_wave|서울 강남구|20251225|03,"통신요금(이동,시내전화)",-12.76468232474574,-3.0219610503760737,-29.46388784822238,45.21424204365081,3,3,9.742721274369666
cold_wave,train,cold_wave|서울 강남구|20251225|03,패션잡화,21.53078775599549,-3.0219610503760737,11.156544986769209,34.0592929870931,3,3,-24.552748806371564
cold_wave,train,cold_wave|서울 강남구|20251225|03,패스트푸드,-17.92136895176696,-3.0219610503760737,-13.441169816736965,8.908037050765897,3,3,14.899407901390887
cold_wave,train,cold_wave|서울 강남구|20251225|03,편의점,-19.465105218753873,-3.0219610503760737,-22.401269617949247,17.953861904191392,3,3,16.4431441683778
cold_wave,train,cold_wave|서울 강남구|20251225|03,학원/학습지,25.508043038929518,-2.6835189284960266,49.04130785478197,43.54851795969612,3,3,-28.191561967425546
cold_wave,train,cold_wave|서울 강남구|20251225|03,한식,-15.688071418202398,-2.6835189284960266,-22.207300810468755,21.087004144040588,3,3,13.004552489706372
cold_wave,train,cold_wave|서울 강남구|20251225|03,한의원,-21.285079935590247,-3.0219610503760737,-6.500616709054143,59.563295139601784,3,3,18.263118885214173
cold_wave,train,cold_wave|서울 강남구|20251225|03,할인점/슈퍼마켓/양판점,3.5367744264359158,-2.6835189284960275,9.810339932584736,12.447201396177174,3,3,-6.220293354931943
cold_wave,train,cold_wave|서울 강남구|20251225|03,헬스장,-14.771490282421995,-3.0219610503760737,-30.01238694012828,54.00242499273257,3,3,11.749529232045921
cold_wave,train,cold_wave|서울 강남구|20251225|03,호텔/콘도,2.499050162292294,-3.0219610503760737,2.8572504081675034,8.484946091515816,3,3,-5.521011212668368
cold_wave,train,cold_wave|서울 강남구|20251225|03,화원,-31.247092388073877,-3.9514239883610465,-26.00448664664432,11.739032988378282,3,3,27.29566839971283
cold_wave,train,cold_wave|서울 강남구|20251225|03,화장품,-10.55503986367924,-3.0219610503760737,-18.71123790609093,50.14010782172777,3,3,7.533078813303167
cold_wave,train,cold_wave|서울 강남구|20251225|03,회계/변리서비스,-11.179804274869872,-5.059347489185117,-27.501890954183875,79.64197227530224,3,3,6.1204567856847545
cold_wave,validation,cold_wave|강원 춘천시|20251230|03,LPG가스,27.512024612293835,-2.1138304884679404,27.512024612293835,56.949906467007914,2,2,-29.625855100761775
cold_wave,validation,cold_wave|강원 춘천시|20251230|03,ZZ_나머지,202.44008424810136,-10.65499579955311,202.44008424810136,246.69714471341257,2,2,-213.09508004765448
cold_wave,validation,cold_wave|강원 춘천시|20251230|03,가구,-58.71300530587078,-14.4981044804548,-58.71300530587078,29.954282145281052,2,2,44.21490082541598
cold_wave,validation,cold_wave|강원 춘천시|20251230|03,가전,-9.362730478557836,-7.192432265102299,-9.362730478557836,29.542831263446914,2,2,2.1702982134555366
cold_wave,validation,cold_wave|강원 춘천시|20251230|03,게임방/오락실,-7.641148990359284,-15.540318550526965,-7.641148990359284,2.3481267755070934,2,2,-7.899169560167682
cold_wave,validation,cold_wave|강원 춘천시|20251230|03,고속버스/철도/여객선,-85.3583201153807,-20.513590823059076,-85.3583201153807,4.528182537746531,2,2,64.84472929232163
cold_wave,validation,cold_wave|강원 춘천시|20251230|03,기타식품,71.36832418165704,-1.0846039212237832,71.36832418165704,36.54839682227844,2,2,-72.45292810288083
cold_wave,validation,cold_wave|강원 춘천시|20251230|03,기타요식,12.934583021762476,-1.0846039212237832,12.934583021762476,9.155180478813719,2,2,-14.01918694298626
cold_wave,validation,cold_wave|강원 춘천시|20251230|03,기타유통,151.97634743008678,-3.8844819940691138,151.97634743008678,28.561186516792326,2,2,-155.8608294241559
cold_wave,validation,cold_wave|강원 춘천시|20251230|03,기타의료,19.751379779556615,-3.9310149378292483,19.751379779556615,39.10055993338698,2,2,-23.68239471738586
cold_wave,validation,cold_wave|강원 춘천시|20251230|03,노래방,2.188712855714547,-12.546749522337723,2.188712855714547,1.7482579838808074,2,2,-14.73546237805227
cold_wave,validation,cold_wave|강원 춘천시|20251230|03,농수산물,83.067275352389,-3.8844819940691138,83.067275352389,35.4937490784458,2,2,-86.95175734645812
cold_wave,validation,cold_wave|강원 춘천시|20251230|03,독서실,61.53969304887613,-23.99354355016424,61.53969304887613,226.33951640712684,2,2,-85.53323659904038
cold_wave,validation,cold_wave|강원 춘천시|20251230|03,동물병원,11.5052929836631,-6.488253981002944,11.5052929836631,35.86737379711274,2,2,-17.993546964666045
cold_wave,validation,cold_wave|강원 춘천시|20251230|03,"모텔,여관,기타숙박",-35.98409521336472,-10.463598763338613,-35.98409521336472,1.8886576031758524,2,2,25.520496450026105
cold_wave,validation,cold_wave|강원 춘천시|20251230|03,문화용품,-69.54762028798564,-37.35688563677838,-69.54762028798564,7.048415243448968,2,2,32.19073465120726
cold_wave,validation,cold_wave|강원 춘천시|20251230|03,미용서비스,32.742333971530535,-27.182888794080313,32.742333971530535,75.39264219615264,2,2,-59.92522276561085
cold_wave,validation,cold_wave|강원 춘천시|20251230|03,미용실,7.626235658948808,-1.8726856607294446,7.626235658948808,5.004329683343004,2,2,-9.498921319678253
cold_wave,validation,cold_wave|강원 춘천시|20251230|03,방문판매/다단계판매,53.07435472395538,-22.736060726148906,53.07435472395538,120.48305512063267,2,2,-75.81041545010429
cold_wave,validation,cold_wave|강원 춘천시|20251230|03,보건소,21.970285607453363,-41.432799834661424,21.970285607453363,31.588733099008266,2,2,-63.40308544211479
cold_wave,validation,cold_wave|강원 춘천시|20251230|03,사무기기/문구용품,83.92240612317794,-4.25706600539139,83.92240612317794,16.641185177990334,2,2,-88.17947212856933
cold_wave,validation,cold_wave|강원 춘천시|20251230|03,상품권/복권,150.35075289221777,-11.343297026683565,150.35075289221777,24.774641278662905,2,2,-161.69404991890133
cold_wave,validation,cold_wave|강원 춘천시|20251230|03,생활잡화/수입상품점,39.227078067053746,-3.8844819940691138,39.227078067053746,17.673497009945226,2,2,-43.11156006112286
cold_wave,validation,cold_wave|강원 춘천시|20251230|03,서점,27.840865931062666,-15.540318550526965,27.840865931062666,76.31478903678833,2,2,-43.38118448158963
cold_wave,validation,cold_wave|강원 춘천시|20251230|03,세탁소,-3.478060523385473,-16.1206949642673,-3.478060523385473,32.71943819305193,2,2,-12.642634440881828
cold_wave,validation,cold_wave|강원 춘천시|20251230|03,수제용품점,-59.97957723928246,-16.997272676858632,-59.97957723928246,6.348357171642291,2,2,42.982304562423835
cold_wave,validation,cold_wave|강원 춘천시|20251230|03,스포츠/레저용품,-29.871346805427297,-2.1138304884679404,-29.871346805427297,5.846994769228224,2,2,27.757516316959357
cold_wave,validation,cold_wave|강원 춘천시|20251230|03,스포츠시설,-18.98935731932331,-9.111168813291432,-18.98935731932331,23.156847915223427,2,2,9.87818850603188
cold_wave,validation,cold_wave|강원 춘천시|20251230|03,시계/귀금속,7.700597393413531,-9.111168813291432,7.700597393413531,37.37483065022303,2,2,-16.811766206704963
cold_wave,validation,cold_wave|강원 춘천시|20251230|03,실내/실외골프장,-91.23295690463432,-47.35100597385487,-91.23295690463432,5.380787936767571,2,2,43.88195093077945
cold_wave,validation,cold_wave|강원 춘천시|20251230|03,싸우나/목욕탕,-2.1005758257312523,-13.899740737784924,-2.1005758257312523,4.029671082170419,2,2,-11.799164912053673
cold_wave,validation,cold_wave|강원 춘천시|20251230|03,악기/음반,-35.02558518362293,-11.62552705376944,-35.02558518362293,,1,1,23.40005812985349
cold_wave,validation,cold_wave|강원 춘천시|20251230|03,안마/마사지,-21.601394348864943,-26.853749839421994,-21.601394348864943,19.696885068566974,2,2,-5.252355490557051
cold_wave,validation,cold_wave|강원 춘천시|20251230|03,애완동물,-13.163551859981707,-13.899740737784924,-13.163551859981707,20.72762704652096,2,2,-0.7361888778032171
cold_wave,validation,cold_wave|강원 춘천시|20251230|03,약국,47.40107529906921,-1.0846039212237832,47.40107529906921,35.36280127787031,2,2,-48.485679220292994
cold_wave,validation,cold_wave|강원 춘천시|20251230|03,양식,57.151400203288624,0.5600910559588684,57.151400203288624,3.6997364896791494,2,2,-56.59130914732975
cold_wave,validation,cold_wave|강원 춘천시|20251230|03,연구/번역서비스,23.626995329882856,-10.16755905523579,23.626995329882856,3.4086913366243192,2,2,-33.794554385118644
cold_wave,validation,cold_wave|강원 춘천시|20251230|03,영화/공연,-30.960938974284392,-21.312502537427015,-30.960938974284392,8.016966671391515,2,2,9.648436436857377
cold_wave,validation,cold_wave|강원 춘천시|20251230|03,예식장/결혼서비스,-91.11042103081911,-54.62402319310385,-91.11042103081911,9.366878103912834,2,2,36.48639783771526
cold_wave,validation,cold_wave|강원 춘천시|20251230|03,오토바이,67.37614481522768,-46.40956013248761,67.37614481522768,122.04116111913513,2,2,-113.78570494771529
cold_wave,validation,cold_wave|강원 춘천시|20251230|03,완구/아동용자전거,-35.330752732640036,-17.968694880084882,-35.330752732640036,6.222056764847079,2,2,17.362057852555154
cold_wave,validation,cold_wave|강원 춘천시|20251230|03,유치원,-72.80408802431259,-61.29333999092621,-72.80408802431259,11.178006976880756,2,2,11.510748033386378
cold_wave,validation,cold_wave|강원 춘천시|20251230|03,유흥업소,26.169418000240974,-6.695861655202928,26.169418000240974,42.3653516349479,2,2,-32.8652796554439
cold_wave,validation,cold_wave|강원 춘천시|20251230|03,의복/의류,-24.11528940035993,-5.390174808643529,-24.11528940035993,19.35379057283639,2,2,18.7251145917164
cold_wave,validation,cold_wave|강원 춘천시|20251230|03,인테리어/건축자재/주방기구,-6.488365499436567,-2.1138304884679404,-6.488365499436567,6.830459825728458,2,2,4.374535010968627
cold_wave,validation,cold_wave|강원 춘천시|20251230|03,일반병원,40.725237643936524,-1.0846039212237832,40.725237643936524,14.877062720694681,2,2,-41.809841565160305
cold_wave,validation,cold_wave|강원 춘천시|20251230|03,일식,36.35157678557269,0.5600910559588684,36.35157678557269,23.006205853326357,2,2,-35.79148572961382
cold_wave,validation,cold_wave|강원 춘천시|20251230|03,자동차서비스,37.00274300489994,-2.1138304884679404,37.00274300489994,10.027719118976298,2,2,-39.11657349336788
cold_wave,validation,cold_wave|강원 춘천시|20251230|03,자동차용품,77.06180642569558,-2.1138304884679395,77.06180642569558,141.52606145033437,2,2,-79.17563691416352
cold_wave,validation,cold_wave|강원 춘천시|20251230|03,장례식장/묘지/장의사,23.94632705703366,-20.72501579575114,23.94632705703366,83.10736720657239,2,2,-44.671342852784804
cold_wave,validation,cold_wave|강원 춘천시|20251230|03,전용매장,111.68424071332296,11.55498950852462,111.68424071332296,182.1547199662867,2,2,-100.12925120479835
cold_wave,validation,cold_wave|강원 춘천시|20251230|03,정육점,59.34093446541161,-0.10320616527271115,59.34093446541161,35.88304100036528,2,2,-59.444140630684316
cold_wave,validation,cold_wave|강원 춘천시|20251230|03,제과점,50.871795289820874,-0.7665033865042907,50.871795289820874,58.407206309337,2,2,-51.638298676325164
cold_wave,validation,cold_wave|강원 춘천시|20251230|03,종합레저타운/놀이동산,-33.106249317320504,-11.49035928039337,-33.106249317320504,3.8655741850299217,2,2,21.615890036927134
cold_wave,validation,cold_wave|강원 춘천시|20251230|03,종합병원,32.907016795718405,-1.0846039212237832,32.907016795718405,20.217681884615686,2,2,-33.99162071694219
cold_wave,validation,cold_wave|강원 춘천시|20251230|03,주류판매,359.4198885030345,-4.412980672553388,359.4198885030345,109.36549334080819,2,2,-363.83286917558786
cold_wave,validation,cold_wave|강원 춘천시|20251230|03,주유소,22.039877871233422,-1.0846039212237832,22.039877871233422,8.538226165912642,2,2,-23.124481792457207
cold_wave,validation,cold_wave|강원 춘천시|20251230|03,주차장,263.8019014022432,-26.268034479809995,263.8019014022432,466.0093854938914,2,2,-290.0699358820532
cold_wave,validation,cold_wave|강원 춘천시|20251230|03,중고품판매점,24.96397538215949,-42.61294822299129,24.96397538215949,8.205043889963784,2,2,-67.57692360515078
cold_wave,validation,cold_wave|강원 춘천시|20251230|03,중식,28.47262939230307,-3.1430570557120965,28.47262939230307,24.07941124440652,2,2,-31.615686448015165
cold_wave,validation,cold_wave|강원 춘천시|20251230|03,체인점,101.41815550629583,-49.72873091660031,101.41815550629583,202.62209464448893,2,2,-151.14688642289616
cold_wave,validation,cold_wave|강원 춘천시|20251230|03,치과병원,30.037271837457205,-1.0846039212237832,30.037271837457205,20.20424009887662,2,2,-31.12187575868099
cold_wave,validation,cold_wave|강원 춘천시|20251230|03,커피전문점,15.08174542672689,-1.8726856607294446,15.08174542672689,16.15496309748454,2,2,-16.954431087456335
cold_wave,validation,cold_wave|강원 춘천시|20251230|03,컴퓨터/소프트웨어,-12.728753046619728,-10.796152672052411,-12.728753046619728,29.659015538060377,2,2,1.9326003745673166
cold_wave,validation,cold_wave|강원 춘천시|20251230|03,택시,-18.823769182799797,-5.6829042893946795,-18.823769182799797,16.42231132299261,2,2,13.140864893405118
cold_wave,validation,cold_wave|강원 춘천시|20251230|03,패션잡화,-0.9023291734147039,-9.080241999864873,-0.9023291734147039,14.877262338848677,2,2,-8.177912826450168
cold_wave,validation,cold_wave|강원 춘천시|20251230|03,패스트푸드,-0.015828716151065958,-3.8844819940691138,-0.015828716151065958,7.0127584927379045,2,2,-3.868653277918048
cold_wave,validation,cold_wave|강원 춘천시|20251230|03,편의점,-3.577343692473301,-1.0846039212237832,-3.577343692473301,8.9872432890742,2,2,2.492739771249518
cold_wave,validation,cold_wave|강원 춘천시|20251230|03,학원/학습지,45.59489297061056,-0.9294503228581164,45.59489297061056,5.500005599769986,2,2,-46.524343293468675
cold_wave,validation,cold_wave|강원 춘천시|20251230|03,한식,14.121970239660055,-1.0846039212237832,14.121970239660055,5.259698325034982,2,2,-15.206574160883838
cold_wave,validation,cold_wave|강원 춘천시|20251230|03,한의원,-3.6572282327636714,-7.758177597844231,-3.6572282327636714,16.05033258558863,2,2,-4.1009493650805595
cold_wave,validation,cold_wave|강원 춘천시|20251230|03,할인점/슈퍼마켓/양판점,11.123098043215744,-1.0846039212237832,11.123098043215744,24.871104042248938,2,2,-12.207701964439527
cold_wave,validation,cold_wave|강원 춘천시|20251230|03,헬스장,63.1949475680052,-5.180635931762631,63.1949475680052,20.714538424005365,2,2,-68.37558349976783
cold_wave,validation,cold_wave|강원 춘천시|20251230|03,호텔/콘도,100.96238812489644,-0.9294503228581157,100.96238812489644,63.389264948991745,2,2,-101.89183844775455
cold_wave,validation,cold_wave|강원 춘천시|20251230|03,화원,141.3901156460873,-10.691057173903259,141.3901156460873,96.81440159063912,2,2,-152.08117281999057
cold_wave,validation,cold_wave|강원 춘천시|20251230|03,화장품,138.2582315566509,-5.913494611185901,138.2582315566509,17.043582408607687,2,2,-144.17172616783682
cold_wave,validation,cold_wave|강원 춘천시|20251230|03,회계/변리서비스,63.65308946509943,-19.599284200382666,63.65308946509943,68.83829947975073,2,2,-83.2523736654821
cold_wave,validation,cold_wave|서울 강남구|20251231|04,LPG가스,405.12742200721095,-5.875860895236051,405.12742200721095,,1,1,-411.003282902447
cold_wave,validation,cold_wave|서울 강남구|20251231|04,ZZ_나머지,85.7384322920382,-13.654162933838451,85.7384322920382,,1,1,-99.39259522587665
cold_wave,validation,cold_wave|서울 강남구|20251231|04,가구,-1.73569174399886,-3.81740776074774,-1.73569174399886,,1,1,-2.08171601674888
cold_wave,validation,cold_wave|서울 강남구|20251231|04,가전,13.186328860227324,-3.81740776074774,13.186328860227324,,1,1,-17.003736620975065
cold_wave,validation,cold_wave|서울 강남구|20251231|04,게임방/오락실,9.959853463367711,-4.223372580065243,9.959853463367711,,1,1,-14.183226043432954
cold_wave,validation,cold_wave|서울 강남구|20251231|04,결제대행(PG),76.96715966171034,-4.223372580065243,76.96715966171034,,1,1,-81.19053224177559
cold_wave,validation,cold_wave|서울 강남구|20251231|04,고속버스/철도/여객선,1.6890998210918082,-3.81740776074774,1.6890998210918082,,1,1,-5.506507581839548
cold_wave,validation,cold_wave|서울 강남구|20251231|04,기타식품,46.45584317999105,-3.81740776074774,46.45584317999105,,1,1,-50.27325094073879
cold_wave,validation,cold_wave|서울 강남구|20251231|04,기타요식,9.2539580844186,-3.81740776074774,9.2539580844186,,1,1,-13.071365845166339
cold_wave,validation,cold_wave|서울 강남구|20251231|04,기타유통,73.7791744911962,-3.81740776074774,73.7791744911962,,1,1,-77.59658225194394
cold_wave,validation,cold_wave|서울 강남구|20251231|04,기타의료,63.0771557995375,-3.309744577927668,63.0771557995375,,1,1,-66.38690037746517
cold_wave,validation,cold_wave|서울 강남구|20251231|04,노래방,19.305736874684825,-4.223372580065243,19.305736874684825,,1,1,-23.52910945475007
cold_wave,validation,cold_wave|서울 강남구|20251231|04,농수산물,122.22823356840064,-1.448647429528092,122.22823356840064,,1,1,-123.67688099792873
cold_wave,validation,cold_wave|서울 강남구|20251231|04,독서실,66.36726096932752,-7.692108414115322,66.36726096932752,,1,1,-74.05936938344284
cold_wave,validation,cold_wave|서울 강남구|20251231|04,동물병원,-40.37512872890775,-5.875860895236051,-40.37512872890775,,1,1,34.499267833671695
cold_wave,validation,cold_wave|서울 강남구|20251231|04,면세점,-82.80919407648446,-16.80059277205637,-82.80919407648446,,1,1,66.00860130442808
cold_wave,validation,cold_wave|서울 강남구|20251231|04,"모텔,여관,기타숙박",-4.858859207516679,-3.81740776074774,-4.858859207516679,,1,1,1.041451446768939
cold_wave,validation,cold_wave|서울 강남구|20251231|04,문화용품,11.907326368935504,-17.69607820878592,11.907326368935504,,1,1,-29.603404577721424
cold_wave,validation,cold_wave|서울 강남구|20251231|04,미용서비스,15.115091221371276,-4.223372580065243,15.115091221371276,,1,1,-19.338463801436518
cold_wave,validation,cold_wave|서울 강남구|20251231|04,미용실,-3.69969968078418,-3.81740776074774,-3.69969968078418,,1,1,-0.11770807996356014
cold_wave,validation,cold_wave|서울 강남구|20251231|04,방문판매/다단계판매,144.07969765005362,-3.81740776074774,144.07969765005362,,1,1,-147.89710541080134
cold_wave,validation,cold_wave|서울 강남구|20251231|04,백화점,17.23958927362031,-3.81740776074774,17.23958927362031,,1,1,-21.056997034368052
cold_wave,validation,cold_wave|서울 강남구|20251231|04,법률/사무서비스,69.09263492500949,-5.875860895236051,69.09263492500949,,1,1,-74.96849582024554
cold_wave,validation,cold_wave|서울 강남구|20251231|04,보건소,-8.57865476200231,-43.907561321493766,-8.57865476200231,,1,1,-35.32890655949146
cold_wave,validation,cold_wave|서울 강남구|20251231|04,보험,67.41854883768056,-28.42128010695967,67.41854883768056,,1,1,-95.83982894464023
cold_wave,validation,cold_wave|서울 강남구|20251231|04,부동산중개,-13.0758518816036,-64.77847579638053,-13.0758518816036,,1,1,-51.702623914776936
cold_wave,validation,cold_wave|서울 강남구|20251231|04,사무기기/문구용품,-15.059626953392812,-3.81740776074774,-15.059626953392812,,1,1,11.242219192645072
cold_wave,validation,cold_wave|서울 강남구|20251231|04,상품권/복권,30.39314444533257,-8.112056292985148,30.39314444533257,,1,1,-38.50520073831772
cold_wave,validation,cold_wave|서울 강남구|20251231|04,생활잡화/수입상품점,-4.82853086937526,-3.81740776074774,-4.82853086937526,,1,1,1.0111231086275203
cold_wave,validation,cold_wave|서울 강남구|20251231|04,서점,88.14886128629907,-3.81740776074774,88.14886128629907,,1,1,-91.96626904704681
cold_wave,validation,cold_wave|서울 강남구|20251231|04,세탁소,82.50434479603294,-2.775241871991251,82.50434479603294,,1,1,-85.2795866680242
cold_wave,validation,cold_wave|서울 강남구|20251231|04,쇼핑몰,18.8510453569487,-3.309744577927668,18.8510453569487,,1,1,-22.160789934876366
cold_wave,validation,cold_wave|서울 강남구|20251231|04,수입자동차,110.58772034871828,-42.71746392282591,110.58772034871828,,1,1,-153.3051842715442
cold_wave,validation,cold_wave|서울 강남구|20251231|04,수제용품점,-58.9508606921922,-40.87620125487417,-58.9508606921922,,1,1,18.074659437318033
cold_wave,validation,cold_wave|서울 강남구|20251231|04,스포츠/레저용품,29.75050279851716,-3.81740776074774,29.75050279851716,,1,1,-33.5679105592649
cold_wave,validation,cold_wave|서울 강남구|20251231|04,스포츠시설,-22.78149119078356,-4.223372580065243,-22.78149119078356,,1,1,18.558118610718317
cold_wave,validation,cold_wave|서울 강남구|20251231|04,시계/귀금속,-38.8736209830673,-3.81740776074774,-38.8736209830673,,1,1,35.056213222319556
cold_wave,validation,cold_wave|서울 강남구|20251231|04,실내/실외골프장,20.43805514506605,-22.070410997342705,20.43805514506605,,1,1,-42.50846614240875
cold_wave,validation,cold_wave|서울 강남구|20251231|04,싸우나/목욕탕,13.304891851431874,-12.085652671531342,13.304891851431874,,1,1,-25.390544522963218
cold_wave,validation,cold_wave|서울 강남구|20251231|04,악기/음반,-72.48076393316123,-14.087456818326386,-72.48076393316123,,1,1,58.39330711483484
cold_wave,validation,cold_wave|서울 강남구|20251231|04,안마/마사지,45.20423585572437,-9.545805437848758,45.20423585572437,,1,1,-54.750041293573126
cold_wave,validation,cold_wave|서울 강남구|20251231|04,애완동물,-45.47089744323127,-5.977446545287463,-45.47089744323127,,1,1,39.49345089794381
cold_wave,validation,cold_wave|서울 강남구|20251231|04,약국,5.923159115251642,-3.81740776074774,5.923159115251642,,1,1,-9.740566875999383
cold_wave,validation,cold_wave|서울 강남구|20251231|04,양식,-0.8356833154600952,-3.81740776074774,-0.8356833154600952,,1,1,-2.981724445287645
cold_wave,validation,cold_wave|서울 강남구|20251231|04,여행사/항공사,-21.538823735940447,-3.81740776074774,-21.538823735940447,,1,1,17.721415975192706
cold_wave,validation,cold_wave|서울 강남구|20251231|04,연구/번역서비스,96.30811710305072,-3.81740776074774,96.30811710305072,,1,1,-100.12552486379846
cold_wave,validation,cold_wave|서울 강남구|20251231|04,영화/공연,-33.971382762835255,-4.223372580065243,-33.971382762835255,,1,1,29.74801018277001
cold_wave,validation,cold_wave|서울 강남구|20251231|04,예식장/결혼서비스,-38.05430275349617,-7.650085299147545,-38.05430275349617,,1,1,30.404217454348622
cold_wave,validation,cold_wave|서울 강남구|20251231|04,오토바이,184.60420180695627,-23.42135434248308,184.60420180695627,,1,1,-208.02555614943935
cold_wave,validation,cold_wave|서울 강남구|20251231|04,완구/아동용자전거,-49.54001045084856,-15.861272141056489,-49.54001045084856,,1,1,33.678738309792074
cold_wave,validation,cold_wave|서울 강남구|20251231|04,유치원,-50.15631982740716,-61.50704699781686,-50.15631982740716,,1,1,-11.350727170409698
cold_wave,validation,cold_wave|서울 강남구|20251231|04,유흥업소,28.878045192144288,-3.81740776074774,28.878045192144288,,1,1,-32.695452952892026
cold_wave,validation,cold_wave|서울 강남구|20251231|04,의복/의류,-16.161104919227824,-3.81740776074774,-16.161104919227824,,1,1,12.343697158480085
cold_wave,validation,cold_wave|서울 강남구|20251231|04,인테리어/건축자재/주방기구,64.58762703577868,-3.81740776074774,64.58762703577868,,1,1,-68.40503479652642
cold_wave,validation,cold_wave|서울 강남구|20251231|04,일반병원,66.35565748918079,-3.309744577927668,66.35565748918079,,1,1,-69.66540206710846
cold_wave,validation,cold_wave|서울 강남구|20251231|04,일식,12.612382256234214,-3.81740776074774,12.612382256234214,,1,1,-16.429790016981954
cold_wave,validation,cold_wave|서울 강남구|20251231|04,자동차서비스,43.09582827743053,-3.81740776074774,43.09582827743053,,1,1,-46.91323603817827
cold_wave,validation,cold_wave|서울 강남구|20251231|04,자동차용품,-1.099437029919115,-2.775241871991251,-1.099437029919115,,1,1,-1.675804842072136
cold_wave,validation,cold_wave|서울 강남구|20251231|04,장례식장/묘지/장의사,114.11115535642357,-5.875860895236051,114.11115535642357,,1,1,-119.98701625165961
cold_wave,validation,cold_wave|서울 강남구|20251231|04,전용매장,62.6946894312657,-0.7678594737964638,62.6946894312657,,1,1,-63.462548905062164
cold_wave,validation,cold_wave|서울 강남구|20251231|04,정육점,111.75784135533056,-3.81740776074774,111.75784135533056,,1,1,-115.5752491160783
cold_wave,validation,cold_wave|서울 강남구|20251231|04,제과점,52.06007847847276,-3.81740776074774,52.06007847847276,,1,1,-55.8774862392205
cold_wave,validation,cold_wave|서울 강남구|20251231|04,종합병원,33.02568279586298,-3.81740776074774,33.02568279586298,,1,1,-36.84309055661072
cold_wave,validation,cold_wave|서울 강남구|20251231|04,주류판매,63.80824601318248,-3.81740776074774,63.80824601318248,,1,1,-67.62565377393022
cold_wave,validation,cold_wave|서울 강남구|20251231|04,주유소,4.448524523598644,-3.81740776074774,4.448524523598644,,1,1,-8.265932284346384
cold_wave,validation,cold_wave|서울 강남구|20251231|04,주차장,6.434865470149329,-4.223372580065243,6.434865470149329,,1,1,-10.658238050214571
cold_wave,validation,cold_wave|서울 강남구|20251231|04,중고품판매점,79.71749259961948,-23.42135434248308,79.71749259961948,,1,1,-103.13884694210256
cold_wave,validation,cold_wave|서울 강남구|20251231|04,중식,19.71205882078289,-3.81740776074774,19.71205882078289,,1,1,-23.52946658153063
cold_wave,validation,cold_wave|서울 강남구|20251231|04,체인점,24.523023256748896,-7.448933668460795,24.523023256748896,,1,1,-31.971956925209692
cold_wave,validation,cold_wave|서울 강남구|20251231|04,치과병원,-1.1105889905014514,-3.81740776074774,-1.1105889905014514,,1,1,-2.7068187702462887
cold_wave,validation,cold_wave|서울 강남구|20251231|04,커피전문점,12.27239027828346,-3.81740776074774,12.27239027828346,,1,1,-16.0897980390312
cold_wave,validation,cold_wave|서울 강남구|20251231|04,컴퓨터/소프트웨어,20.2984936565658,-3.309744577927668,20.2984936565658,,1,1,-23.608238234493466
cold_wave,validation,cold_wave|서울 강남구|20251231|04,택시,20.21876041212529,-18.46566892189948,20.21876041212529,,1,1,-38.68442933402477
cold_wave,validation,cold_wave|서울 강남구|20251231|04,"통신요금(이동,시내전화)",46.649658945236354,-3.81740776074774,46.649658945236354,,1,1,-50.467066705984095
cold_wave,validation,cold_wave|서울 강남구|20251231|04,패션잡화,102.40280907412192,-3.81740776074774,102.40280907412192,,1,1,-106.22021683486966
cold_wave,validation,cold_wave|서울 강남구|20251231|04,패스트푸드,15.557459387707022,-3.81740776074774,15.557459387707022,,1,1,-19.37486714845476
cold_wave,validation,cold_wave|서울 강남구|20251231|04,편의점,20.01219691610233,-3.81740776074774,20.01219691610233,,1,1,-23.82960467685007
cold_wave,validation,cold_wave|서울 강남구|20251231|04,학원/학습지,39.89848430513717,-3.309744577927668,39.89848430513717,,1,1,-43.208228883064834
cold_wave,validation,cold_wave|서울 강남구|20251231|04,한식,2.0867326626061127,-3.309744577927668,2.0867326626061127,,1,1,-5.39647724053378
cold_wave,validation,cold_wave|서울 강남구|20251231|04,한의원,23.32170170164957,-3.81740776074774,23.32170170164957,,1,1,-27.13910946239731
cold_wave,validation,cold_wave|서울 강남구|20251231|04,할인점/슈퍼마켓/양판점,1.4613523459612043,-3.309744577927668,1.4613523459612043,,1,1,-4.771096923888873
cold_wave,validation,cold_wave|서울 강남구|20251231|04,헬스장,112.99046029351344,-3.81740776074774,112.99046029351344,,1,1,-116.80786805426118
cold_wave,validation,cold_wave|서울 강남구|20251231|04,호텔/콘도,-21.409839305676,-3.81740776074774,-21.409839305676,,1,1,17.59243154492826
cold_wave,validation,cold_wave|서울 강남구|20251231|04,화원,26.77089270121864,-3.2987399906587203,26.77089270121864,,1,1,-30.06963269187736
cold_wave,validation,cold_wave|서울 강남구|20251231|04,화장품,41.280386570930986,-3.81740776074774,41.280386570930986,,1,1,-45.09779433167873
cold_wave,validation,cold_wave|서울 강남구|20251231|04,회계/변리서비스,34.68210768028514,-6.888333873971711,34.68210768028514,,1,1,-41.57044155425685
heatwave,test,heatwave|강원 춘천시|20250816|04,LPG가스,-30.66314598662152,7.492377148325181,-30.66314598662152,,1,1,38.1555231349467
heatwave,test,heatwave|강원 춘천시|20250816|04,ZZ_나머지,-82.95195583129349,-34.94225731686946,-82.95195583129349,,1,1,48.00969851442403
heatwave,test,heatwave|강원 춘천시|20250816|04,가구,-50.11625707206858,2.319494753040128,-50.11625707206858,,1,1,52.4357518251087
heatwave,test,heatwave|강원 춘천시|20250816|04,가전,7.931106795429481,-1.1734211297268906,7.931106795429481,,1,1,-9.104527925156372
heatwave,test,heatwave|강원 춘천시|20250816|04,게임방/오락실,55.440449912702775,-7.671631719758675,55.440449912702775,,1,1,-63.112081632461454
heatwave,test,heatwave|강원 춘천시|20250816|04,고속버스/철도/여객선,124.63640066755632,-16.395710843151537,124.63640066755632,,1,1,-141.03211151070786
heatwave,test,heatwave|강원 춘천시|20250816|04,기타식품,29.21933192318192,5.424952852609296,29.21933192318192,,1,1,-23.794379070572624
heatwave,test,heatwave|강원 춘천시|20250816|04,기타요식,36.75418530061692,5.424952852609296,36.75418530061692,,1,1,-31.329232448007623
heatwave,test,heatwave|강원 춘천시|20250816|04,기타유통,-47.11434846756775,-4.30760078133844,-47.11434846756775,,1,1,42.806747686229315
heatwave,test,heatwave|강원 춘천시|20250816|04,기타의료,30.4112377734992,-7.8005166641054595,30.4112377734992,,1,1,-38.21175443760466
heatwave,test,heatwave|강원 춘천시|20250816|04,노래방,18.254893057877343,-4.30760078133844,18.254893057877343,,1,1,-22.562493839215783
heatwave,test,heatwave|강원 춘천시|20250816|04,농수산물,-33.85213549486205,3.621271806703988,-33.85213549486205,,1,1,37.473407301566034
heatwave,test,heatwave|강원 춘천시|20250816|04,독서실,141.22965062796573,-18.138863450480624,141.22965062796573,,1,1,-159.36851407844634
heatwave,test,heatwave|강원 춘천시|20250816|04,동물병원,12.74283493579502,-4.30760078133844,12.74283493579502,,1,1,-17.05043571713346
heatwave,test,heatwave|강원 춘천시|20250816|04,"모텔,여관,기타숙박",-7.449709806020908,-1.1734211297268906,-7.449709806020908,,1,1,6.276288676294017
heatwave,test,heatwave|강원 춘천시|20250816|04,문화용품,9.86201523109138,-10.221289720046665,9.86201523109138,,1,1,-20.083304951138047
heatwave,test,heatwave|강원 춘천시|20250816|04,미용서비스,-66.43844549705845,-10.221289720046665,-66.43844549705845,,1,1,56.21715577701179
heatwave,test,heatwave|강원 춘천시|20250816|04,미용실,30.825003176206263,6.679235006985172,30.825003176206263,,1,1,-24.145768169221093
heatwave,test,heatwave|강원 춘천시|20250816|04,사무기기/문구용품,-65.27065856740364,-14.116076579037916,-65.27065856740364,,1,1,51.15458198836573
heatwave,test,heatwave|강원 춘천시|20250816|04,상품권/복권,-97.50873474130869,-63.62376554984789,-97.50873474130869,,1,1,33.8849691914608
heatwave,test,heatwave|강원 춘천시|20250816|04,생활잡화/수입상품점,17.54834125536275,3.621271806703988,17.54834125536275,,1,1,-13.927069448658763
heatwave,test,heatwave|강원 춘천시|20250816|04,서점,-38.18443608335591,-10.221289720046665,-38.18443608335591,,1,1,27.96314636330925
heatwave,test,heatwave|강원 춘천시|20250816|04,세탁소,-41.791123951986414,-11.637418565355905,-41.791123951986414,,1,1,30.15370538663051
heatwave,test,heatwave|강원 춘천시|20250816|04,수제용품점,13.540275657108458,-16.395710843151537,13.540275657108458,,1,1,-29.935986500259993
heatwave,test,heatwave|강원 춘천시|20250816|04,스포츠/레저용품,7.27472883826432,5.387450633116924,7.27472883826432,,1,1,-1.8872782051473962
heatwave,test,heatwave|강원 춘천시|20250816|04,스포츠시설,187.0307821325941,12.435873778296912,187.0307821325941,,1,1,-174.5949083542972
heatwave,test,heatwave|강원 춘천시|20250816|04,시계/귀금속,-15.728480314577364,-8.928537404622407,-15.728480314577364,,1,1,6.799942909954957
heatwave,test,heatwave|강원 춘천시|20250816|04,실내/실외골프장,-2.820451553413553,-5.06210359714766,-2.820451553413553,,1,1,-2.2416520437341068
heatwave,test,heatwave|강원 춘천시|20250816|04,싸우나/목욕탕,42.02969583668867,-10.221289720046665,42.02969583668867,,1,1,-52.25098555673533
heatwave,test,heatwave|강원 춘천시|20250816|04,악기/음반,31.6150219262463,-30.541242410543457,31.6150219262463,,1,1,-62.15626433678976
heatwave,test,heatwave|강원 춘천시|20250816|04,안마/마사지,1.298699578409524,-18.73345649134725,1.298699578409524,,1,1,-20.032156069756777
heatwave,test,heatwave|강원 춘천시|20250816|04,애완동물,70.29712464341236,-7.671631719758675,70.29712464341236,,1,1,-77.96875636317104
heatwave,test,heatwave|강원 춘천시|20250816|04,약국,-21.82743597115238,6.679235006985172,-21.82743597115238,,1,1,28.50667097813755
heatwave,test,heatwave|강원 춘천시|20250816|04,양식,29.7636460505205,5.060676301054981,29.7636460505205,,1,1,-24.702969749465517
heatwave,test,heatwave|강원 춘천시|20250816|04,여행사/항공사,-90.23592565951822,-35.553084295894955,-90.23592565951822,,1,1,54.68284136362326
heatwave,test,heatwave|강원 춘천시|20250816|04,연구/번역서비스,-46.340156455403154,-11.637418565355905,-46.340156455403154,,1,1,34.702737890047246
heatwave,test,heatwave|강원 춘천시|20250816|04,영화/공연,42.49573527425676,-10.221289720046665,42.49573527425676,,1,1,-52.71702499430342
heatwave,test,heatwave|강원 춘천시|20250816|04,예식장/결혼서비스,-72.49626076112386,-48.82553755142237,-72.49626076112386,,1,1,23.670723209701492
heatwave,test,heatwave|강원 춘천시|20250816|04,오토바이,-79.86911360326805,-28.53670367670222,-79.86911360326805,,1,1,51.33240992656583
heatwave,test,heatwave|강원 춘천시|20250816|04,완구/아동용자전거,90.6921372016392,-8.928537404622407,90.6921372016392,,1,1,-99.6206746062616
heatwave,test,heatwave|강원 춘천시|20250816|04,유치원,-99.7992748919832,-44.49582099821153,-99.7992748919832,,1,1,55.303453893771675
heatwave,test,heatwave|강원 춘천시|20250816|04,유흥업소,72.31484564770119,3.621271806703988,72.31484564770119,,1,1,-68.6935738409972
heatwave,test,heatwave|강원 춘천시|20250816|04,의복/의류,14.543292631955502,3.621271806703988,14.543292631955502,,1,1,-10.922020825251515
heatwave,test,heatwave|강원 춘천시|20250816|04,인테리어/건축자재/주방기구,-39.1899981428882,4.336450974598405,-39.1899981428882,,1,1,43.52644911748661
heatwave,test,heatwave|강원 춘천시|20250816|04,일반병원,3.462094203241708,5.424952852609296,3.462094203241708,,1,1,1.9628586493675884
heatwave,test,heatwave|강원 춘천시|20250816|04,일식,15.957666875909538,5.060676301054981,15.957666875909538,,1,1,-10.896990574854557
heatwave,test,heatwave|강원 춘천시|20250816|04,자동차서비스,-39.063002239078905,-4.414489721553967,-39.063002239078905,,1,1,34.648512517524935
heatwave,test,heatwave|강원 춘천시|20250816|04,자동차용품,-69.15719653936348,-1.1734211297268906,-69.15719653936348,,1,1,67.98377540963659
heatwave,test,heatwave|강원 춘천시|20250816|04,장례식장/묘지/장의사,-70.32438929836064,-4.30760078133844,-70.32438929836064,,1,1,66.0167885170222
heatwave,test,heatwave|강원 춘천시|20250816|04,전용매장,-59.07185077590363,-21.013090755460876,-59.07185077590363,,1,1,38.05876002044275
heatwave,test,heatwave|강원 춘천시|20250816|04,정육점,5.386689932365466,6.679235006985172,5.386689932365466,,1,1,1.2925450746197056
heatwave,test,heatwave|강원 춘천시|20250816|04,제과점,44.34894851675472,4.336450974598405,44.34894851675472,,1,1,-40.01249754215631
heatwave,test,heatwave|강원 춘천시|20250816|04,종합레저타운/놀이동산,374.10090333565614,4.336450974598405,374.10090333565614,,1,1,-369.76445236105775
heatwave,test,heatwave|강원 춘천시|20250816|04,종합병원,-41.99309963379207,6.679235006985172,-41.99309963379207,,1,1,48.672334640777244
heatwave,test,heatwave|강원 춘천시|20250816|04,주류판매,-91.96037730591884,-35.553084295894955,-91.96037730591884,,1,1,56.407293010023885
heatwave,test,heatwave|강원 춘천시|20250816|04,주유소,-0.167602339422214,5.424952852609296,-0.167602339422214,,1,1,5.592555192031511
heatwave,test,heatwave|강원 춘천시|20250816|04,주차장,-77.68680448410643,-14.116076579037916,-77.68680448410643,,1,1,63.570727905068516
heatwave,test,heatwave|강원 춘천시|20250816|04,중고품판매점,-53.727041764657855,-14.116076579037916,-53.727041764657855,,1,1,39.61096518561994
heatwave,test,heatwave|강원 춘천시|20250816|04,중식,16.343521257805236,6.679235006985172,16.343521257805236,,1,1,-9.664286250820064
heatwave,test,heatwave|강원 춘천시|20250816|04,체인점,24.593898279975743,-21.88023650923214,24.593898279975743,,1,1,-46.47413478920788
heatwave,test,heatwave|강원 춘천시|20250816|04,치과병원,-31.964679713125324,6.679235006985172,-31.964679713125324,,1,1,38.643914720110494
heatwave,test,heatwave|강원 춘천시|20250816|04,커피전문점,36.445037489867474,6.679235006985172,36.445037489867474,,1,1,-29.7658024828823
heatwave,test,heatwave|강원 춘천시|20250816|04,컴퓨터/소프트웨어,-95.08177404545458,-16.395710843151537,-95.08177404545458,,1,1,78.68606320230305
heatwave,test,heatwave|강원 춘천시|20250816|04,택시,-95.74120074450316,2.08043468962845,-95.74120074450316,,1,1,97.82163543413161
heatwave,test,heatwave|강원 춘천시|20250816|04,패션잡화,19.652546373638323,8.549947628091406,19.652546373638323,,1,1,-11.102598745546917
heatwave,test,heatwave|강원 춘천시|20250816|04,패스트푸드,15.711496851506512,-1.1734211297268906,15.711496851506512,,1,1,-16.884917981233404
heatwave,test,heatwave|강원 춘천시|20250816|04,편의점,8.290463939286957,5.424952852609296,8.290463939286957,,1,1,-2.8655110866776603
heatwave,test,heatwave|강원 춘천시|20250816|04,학원/학습지,-71.19354435369819,15.126515429180856,-71.19354435369819,,1,1,86.32005978287904
heatwave,test,heatwave|강원 춘천시|20250816|04,한식,36.25958860855756,3.189037137110597,36.25958860855756,,1,1,-33.07055147144696
heatwave,test,heatwave|강원 춘천시|20250816|04,한의원,53.36665107723751,-4.30760078133844,53.36665107723751,,1,1,-57.67425185857596
heatwave,test,heatwave|강원 춘천시|20250816|04,할인점/슈퍼마켓/양판점,30.27674525539041,3.189037137110597,30.27674525539041,,1,1,-27.087708118279814
heatwave,test,heatwave|강원 춘천시|20250816|04,헬스장,-44.09222427986273,-22.60131177871752,-44.09222427986273,,1,1,21.490912501145207
heatwave,test,heatwave|강원 춘천시|20250816|04,호텔/콘도,33.01248514116171,-4.30760078133844,33.01248514116171,,1,1,-37.320085922500155
heatwave,test,heatwave|강원 춘천시|20250816|04,화원,7.269006390186381,-8.928537404622407,7.269006390186381,,1,1,-16.197543794808787
heatwave,test,heatwave|강원 춘천시|20250816|04,화장품,-54.26749132398096,-10.221289720046665,-54.26749132398096,,1,1,44.0462016039343
heatwave,test,heatwave|강원 춘천시|20250816|04,회계/변리서비스,-53.33238223970515,-33.273450031781294,-53.33238223970515,,1,1,20.058932207923853
heatwave,test,heatwave|서울 강남구|20250905|07,LPG가스,5.192522638298739,7.492377148325181,5.192522638298739,,1,1,2.2998545100264423
heatwave,test,heatwave|서울 강남구|20250905|07,ZZ_나머지,-29.954969426821663,-13.438586387934288,-29.954969426821663,,1,1,16.516383038887376
heatwave,test,heatwave|서울 강남구|20250905|07,가구,-39.39659719951195,7.492377148325181,-39.39659719951195,,1,1,46.888974347837134
heatwave,test,heatwave|서울 강남구|20250905|07,가전,45.1827576275664,5.83278706669363,45.1827576275664,,1,1,-39.34997056087278
heatwave,test,heatwave|서울 강남구|20250905|07,게임방/오락실,5.341034672069018,-1.1734211297268906,5.341034672069018,,1,1,-6.514455801795909
heatwave,test,heatwave|서울 강남구|20250905|07,결제대행(PG),-42.910887449262816,-1.1734211297268906,-42.910887449262816,,1,1,41.737466319535926
heatwave,test,heatwave|서울 강남구|20250905|07,고속버스/철도/여객선,-8.731876685737943,5.424952852609296,-8.731876685737943,,1,1,14.156829538347239
heatwave,test,heatwave|서울 강남구|20250905|07,기타식품,-4.813123681428444,5.424952852609296,-4.813123681428444,,1,1,10.238076534037742
heatwave,test,heatwave|서울 강남구|20250905|07,기타요식,22.27518534868445,2.6006148244023177,22.27518534868445,,1,1,-19.67457052428213
heatwave,test,heatwave|서울 강남구|20250905|07,기타유통,14.599510439078632,6.679235006985172,14.599510439078632,,1,1,-7.92027543209346
heatwave,test,heatwave|서울 강남구|20250905|07,기타의료,-53.21010141845408,3.743391964202008,-53.21010141845408,,1,1,56.95349338265609
heatwave,test,heatwave|서울 강남구|20250905|07,노래방,2.7162319318020507,2.08043468962845,2.7162319318020507,,1,1,-0.6357972421736009
heatwave,test,heatwave|서울 강남구|20250905|07,농수산물,25.216210921695485,6.679235006985172,25.216210921695485,,1,1,-18.53697591471031
heatwave,test,heatwave|서울 강남구|20250905|07,독서실,-31.42191930748588,-3.71300774047181,-31.42191930748588,,1,1,27.70891156701407
heatwave,test,heatwave|서울 강남구|20250905|07,동물병원,7.457216696080101,6.679235006985172,7.457216696080101,,1,1,-0.7779816890949292
heatwave,test,heatwave|서울 강남구|20250905|07,면세점,129.97510490073836,-7.8005166641054595,129.97510490073836,,1,1,-137.77562156484382
heatwave,test,heatwave|서울 강남구|20250905|07,"모텔,여관,기타숙박",-3.657217511331412,7.492377148325181,-3.657217511331412,,1,1,11.149594659656593
heatwave,test,heatwave|서울 강남구|20250905|07,문화용품,89.78587260794251,7.492377148325181,89.78587260794251,,1,1,-82.29349545961733
heatwave,test,heatwave|서울 강남구|20250905|07,미용서비스,-28.768140414024487,6.679235006985172,-28.768140414024487,,1,1,35.44737542100966
heatwave,test,heatwave|서울 강남구|20250905|07,미용실,7.786981573520228,5.424952852609296,7.786981573520228,,1,1,-2.3620287209109314
heatwave,test,heatwave|서울 강남구|20250905|07,방문판매/다단계판매,18.488126511286744,12.26541689190385,18.488126511286744,,1,1,-6.2227096193828935
heatwave,test,heatwave|서울 강남구|20250905|07,백화점,-12.388872012188768,1.783828196897551,-12.388872012188768,,1,1,14.172700209086319
heatwave,test,heatwave|서울 강남구|20250905|07,법률/사무서비스,-45.42335142396552,6.679235006985172,-45.42335142396552,,1,1,52.102586430950694
heatwave,test,heatwave|서울 강남구|20250905|07,보건소,36.63842871362452,-21.013090755460876,36.63842871362452,,1,1,-57.6515194690854
heatwave,test,heatwave|서울 강남구|20250905|07,보험,-8.00137687408285,3.632493047354953,-8.00137687408285,,1,1,11.633869921437803
heatwave,test,heatwave|서울 강남구|20250905|07,부동산중개,6.27054599409374,-12.879482717060323,6.27054599409374,,1,1,-19.150028711154064
heatwave,test,heatwave|서울 강남구|20250905|07,사무기기/문구용품,13.01514038412097,7.492377148325181,13.01514038412097,,1,1,-5.522763235795789
heatwave,test,heatwave|서울 강남구|20250905|07,상품권/복권,1.5142996291972275,-26.045599137464933,1.5142996291972275,,1,1,-27.55989876666216
heatwave,test,heatwave|서울 강남구|20250905|07,생활잡화/수입상품점,17.19930710739878,5.424952852609296,17.19930710739878,,1,1,-11.774354254789484
heatwave,test,heatwave|서울 강남구|20250905|07,서점,-21.896106904623988,5.424952852609296,-21.896106904623988,,1,1,27.321059757233286
heatwave,test,heatwave|서울 강남구|20250905|07,세탁소,11.816235293333463,-1.1734211297268906,11.816235293333463,,1,1,-12.989656423060353
heatwave,test,heatwave|서울 강남구|20250905|07,쇼핑몰,-12.58002677694002,2.6006148244023177,-12.58002677694002,,1,1,15.180641601342337
heatwave,test,heatwave|서울 강남구|20250905|07,수입자동차,23.89960611077113,7.492377148325181,23.89960611077113,,1,1,-16.40722896244595
heatwave,test,heatwave|서울 강남구|20250905|07,수제용품점,-22.34758192954793,-11.38386895780005,-22.34758192954793,,1,1,10.963712971747878
heatwave,test,heatwave|서울 강남구|20250905|07,스포츠/레저용품,-1.1713416125068656,4.133168478741048,-1.1713416125068656,,1,1,5.304510091247914
heatwave,test,heatwave|서울 강남구|20250905|07,스포츠시설,-3.9058602094371353,13.875278272647906,-3.9058602094371353,,1,1,17.78113848208504
heatwave,test,heatwave|서울 강남구|20250905|07,시계/귀금속,-31.874268810487223,6.679235006985172,-31.874268810487223,,1,1,38.5535038174724
heatwave,test,heatwave|서울 강남구|20250905|07,실내/실외골프장,-16.06211481597078,-17.60074635099162,-16.06211481597078,,1,1,-1.5386315350208406
heatwave,test,heatwave|서울 강남구|20250905|07,싸우나/목욕탕,-2.695898758208273,-4.30760078133844,-2.695898758208273,,1,1,-1.6117020231301669
heatwave,test,heatwave|서울 강남구|20250905|07,악기/음반,11.04321843269726,-1.6903566348928976,11.04321843269726,,1,1,-12.733575067590158
heatwave,test,heatwave|서울 강남구|20250905|07,안마/마사지,-23.91498051145786,2.319494753040128,-23.91498051145786,,1,1,26.234475264497988
heatwave,test,heatwave|서울 강남구|20250905|07,애완동물,-4.105378109527456,-1.1734211297268906,-4.105378109527456,,1,1,2.9319569798005656
heatwave,test,heatwave|서울 강남구|20250905|07,약국,22.99393741119347,5.424952852609296,22.99393741119347,,1,1,-17.568984558584177
heatwave,test,heatwave|서울 강남구|20250905|07,양식,-9.48205348904288,4.150596276425066,-9.48205348904288,,1,1,13.632649765467946
heatwave,test,heatwave|서울 강남구|20250905|07,여행사/항공사,-25.661467290306888,3.621271806703988,-25.661467290306888,,1,1,29.282739097010875
heatwave,test,heatwave|서울 강남구|20250905|07,연구/번역서비스,0.0679574855284107,5.83278706669363,0.0679574855284107,,1,1,5.764829581165219
heatwave,test,heatwave|서울 강남구|20250905|07,영화/공연,-45.184300528189056,-1.1734211297268906,-45.184300528189056,,1,1,44.010879398462166
heatwave,test,heatwave|서울 강남구|20250905|07,예식장/결혼서비스,-18.1867845704544,-13.53700842127474,-18.1867845704544,,1,1,4.64977614917966
heatwave,test,heatwave|서울 강남구|20250905|07,오토바이,-16.692301578849275,-11.238502604844754,-16.692301578849275,,1,1,5.4537989740045205
heatwave,test,heatwave|서울 강남구|20250905|07,완구/아동용자전거,-21.24639157131832,-1.1734211297268906,-21.24639157131832,,1,1,20.07297044159143
heatwave,test,heatwave|서울 강남구|20250905|07,유치원,-88.60777518552743,-25.384483775924224,-88.60777518552743,,1,1,63.223291409603206
heatwave,test,heatwave|서울 강남구|20250905|07,유흥업소,28.13853840486712,5.424952852609296,28.13853840486712,,1,1,-22.713585552257825
heatwave,test,heatwave|서울 강남구|20250905|07,의복/의류,-20.823042779340906,3.189037137110597,-20.823042779340906,,1,1,24.0120799164515
heatwave,test,heatwave|서울 강남구|20250905|07,인테리어/건축자재/주방기구,21.61307901220868,7.492377148325181,21.61307901220868,,1,1,-14.120701863883498
heatwave,test,heatwave|서울 강남구|20250905|07,일반병원,38.659079546572286,3.632493047354953,38.659079546572286,,1,1,-35.02658649921733
heatwave,test,heatwave|서울 강남구|20250905|07,일식,37.84194542603908,5.424952852609296,37.84194542603908,,1,1,-32.41699257342979
heatwave,test,heatwave|서울 강남구|20250905|07,자동차서비스,65.95561583593637,11.119414203604084,65.95561583593637,,1,1,-54.83620163233229
heatwave,test,heatwave|서울 강남구|20250905|07,자동차용품,18.158874046783215,6.679235006985172,18.158874046783215,,1,1,-11.479639039798043
heatwave,test,heatwave|서울 강남구|20250905|07,장례식장/묘지/장의사,-11.6758134184659,7.492377148325181,-11.6758134184659,,1,1,19.168190566791083
heatwave,test,heatwave|서울 강남구|20250905|07,전용매장,73.18519820280697,-1.1734211297268906,73.18519820280697,,1,1,-74.35861933253386
heatwave,test,heatwave|서울 강남구|20250905|07,정육점,-1.6336120446298334,6.679235006985172,-1.6336120446298334,,1,1,8.312847051615005
heatwave,test,heatwave|서울 강남구|20250905|07,제과점,15.44174359579038,5.424952852609296,15.44174359579038,,1,1,-10.016790743181083
heatwave,test,heatwave|서울 강남구|20250905|07,종합병원,3.380788825828024,3.189037137110597,3.380788825828024,,1,1,-0.1917516887174271
heatwave,test,heatwave|서울 강남구|20250905|07,주류판매,2.6007107194596677,7.492377148325181,2.6007107194596677,,1,1,4.891666428865513
heatwave,test,heatwave|서울 강남구|20250905|07,주유소,28.818837897800183,5.424952852609296,28.818837897800183,,1,1,-23.393885045190885
heatwave,test,heatwave|서울 강남구|20250905|07,주차장,8.484871067329243,6.679235006985172,8.484871067329243,,1,1,-1.8056360603440709
heatwave,test,heatwave|서울 강남구|20250905|07,중고품판매점,-54.04100916757466,-14.116076579037916,-54.04100916757466,,1,1,39.92493258853674
heatwave,test,heatwave|서울 강남구|20250905|07,중식,4.761360963472642,5.424952852609296,4.761360963472642,,1,1,0.6635918891366543
heatwave,test,heatwave|서울 강남구|20250905|07,체인점,9.71664844997946,2.4155119429444496,9.71664844997946,,1,1,-7.301136507035009
heatwave,test,heatwave|서울 강남구|20250905|07,치과병원,45.64268811511718,5.424952852609296,45.64268811511718,,1,1,-40.21773526250789
heatwave,test,heatwave|서울 강남구|20250905|07,커피전문점,11.8496490486147,3.189037137110597,11.8496490486147,,1,1,-8.660611911504102
heatwave,test,heatwave|서울 강남구|20250905|07,컴퓨터/소프트웨어,6.28929962084072,2.6006148244023177,6.28929962084072,,1,1,-3.688684796438402
heatwave,test,heatwave|서울 강남구|20250905|07,택시,-3.5010202056638358,-13.917052829469524,-3.5010202056638358,,1,1,-10.416032623805688
heatwave,test,heatwave|서울 강남구|20250905|07,"통신요금(이동,시내전화)",-22.04857477025053,5.424952852609296,-22.04857477025053,,1,1,27.473527622859827
heatwave,test,heatwave|서울 강남구|20250905|07,패션잡화,-30.36410989616333,8.294396061775316,-30.36410989616333,,1,1,38.658505957938644
heatwave,test,heatwave|서울 강남구|20250905|07,패스트푸드,15.604350702408514,5.83278706669363,15.604350702408514,,1,1,-9.771563635714884
heatwave,test,heatwave|서울 강남구|20250905|07,편의점,12.724710735356384,3.189037137110597,12.724710735356384,,1,1,-9.535673598245786
heatwave,test,heatwave|서울 강남구|20250905|07,학원/학습지,-9.645934815226376,15.755269560105727,-9.645934815226376,,1,1,25.401204375332103
heatwave,test,heatwave|서울 강남구|20250905|07,한식,16.18764736755673,2.6006148244023177,16.18764736755673,,1,1,-13.587032543154411
heatwave,test,heatwave|서울 강남구|20250905|07,한의원,25.472472944658367,5.424952852609296,25.472472944658367,,1,1,-20.04752009204907
heatwave,test,heatwave|서울 강남구|20250905|07,할인점/슈퍼마켓/양판점,3.949860502919863,2.6006148244023177,3.949860502919863,,1,1,-1.349245678517545
heatwave,test,heatwave|서울 강남구|20250905|07,헬스장,27.790825636398345,14.631530972605482,27.790825636398345,,1,1,-13.159294663792863
heatwave,test,heatwave|서울 강남구|20250905|07,호텔/콘도,197.69862492000024,5.424952852609296,197.69862492000024,,1,1,-192.27367206739095
heatwave,test,heatwave|서울 강남구|20250905|07,화원,-3.7630105458649057,6.679235006985172,-3.7630105458649057,,1,1,10.442245552850078
heatwave,test,heatwave|서울 강남구|20250905|07,화장품,-15.776363530054551,5.424952852609296,-15.776363530054551,,1,1,21.201316382663848
heatwave,test,heatwave|서울 강남구|20250905|07,회계/변리서비스,59.721412662487324,-2.4850307330276085,59.721412662487324,,1,1,-62.20644339551493
heatwave,train,heatwave|강원 춘천시|20250721|03,LPG가스,-0.007162789683494708,9.496996197982245,-13.595668154889072,36.248547925718356,16,16,9.50415898766574
heatwave,train,heatwave|강원 춘천시|20250721|03,ZZ_나머지,-9.924618752854546,-13.533704578630545,-57.210350500822045,105.70815641108503,16,16,-3.609085825775999
heatwave,train,heatwave|강원 춘천시|20250721|03,가구,-1.4280060193701152,-7.418339223038935,-25.617048040877595,73.6150288988036,16,16,-5.99033320366882
heatwave,train,heatwave|강원 춘천시|20250721|03,가전,30.982373080023926,2.3825410842152968,23.902331790723387,44.59422601925418,16,16,-28.59983199580863
heatwave,train,heatwave|강원 춘천시|20250721|03,게임방/오락실,-2.6659336247067826,-7.732121788100578,-7.730095792834831,16.567488812535412,16,16,-5.066188163393795
heatwave,train,heatwave|강원 춘천시|20250721|03,고속버스/철도/여객선,-0.9008600183608417,-17.71811174655784,-22.280591392292706,89.22852603411661,16,16,-16.817251728197
heatwave,train,heatwave|강원 춘천시|20250721|03,기타식품,2.1477107034430754,8.415101362791185,-3.736798989230711,19.71662533246511,16,16,6.26739065934811
heatwave,train,heatwave|강원 춘천시|20250721|03,기타요식,10.494108160181579,8.23667389412929,9.7081198754428,15.001884249807665,16,16,-2.2574342660522895
heatwave,train,heatwave|강원 춘천시|20250721|03,기타유통,2.2089950333368242,-2.202314577911536,4.220604703662828,36.08958657696006,16,16,-4.41130961124836
heatwave,train,heatwave|강원 춘천시|20250721|03,기타의료,-9.113395756248003,-2.036691878189353,-16.303488892815235,57.15442882742356,16,16,7.07670387805865
heatwave,train,heatwave|강원 춘천시|20250721|03,노래방,-11.87395101924151,-6.987457662485756,-18.376127775201944,21.29722539519276,16,16,4.886493356755754
heatwave,train,heatwave|강원 춘천시|20250721|03,농수산물,-0.42594464660555953,2.4727675066462065,-11.270344648330436,47.28254435477423,16,16,2.898712153251766
heatwave,train,heatwave|강원 춘천시|20250721|03,독서실,46.172755145337774,-15.181520586369771,-18.58919723343829,151.2967162080707,16,16,-61.354275731707546
heatwave,train,heatwave|강원 춘천시|20250721|03,동물병원,-8.992005783708553,-3.5979989082924844,-12.233942345429021,28.491446523715243,16,16,5.394006875416069
heatwave,train,heatwave|강원 춘천시|20250721|03,"모텔,여관,기타숙박",6.377963335633407,0.7687251335960069,-1.3746133644618583,34.218594876688634,16,16,-5.6092382020374
heatwave,train,heatwave|강원 춘천시|20250721|03,문화용품,7.045139971798446,-8.225115389287147,-29.04198684074322,79.09597239015082,16,16,-15.270255361085592
heatwave,train,heatwave|강원 춘천시|20250721|03,미용서비스,18.406726115542135,-10.087625747348165,7.768046455095822,87.14435380854563,16,16,-28.494351862890298
heatwave,train,heatwave|강원 춘천시|20250721|03,미용실,9.725114332460542,4.279924105840371,-1.7559874344861466,35.90894715531475,16,16,-5.445190226620171
heatwave,train,heatwave|강원 춘천시|20250721|03,방문판매/다단계판매,68.31337712367052,-1.768387256749861,29.657404426588485,124.37536453432921,14,14,-70.08176438042038
heatwave,train,heatwave|강원 춘천시|20250721|03,보건소,-22.23223429693346,-31.26137241939131,-29.70430219426128,26.2419173102982,12,12,-9.029138122457852
heatwave,train,heatwave|강원 춘천시|20250721|03,사무기기/문구용품,-3.245764506179646,-4.320121553518105,-15.242263089007398,58.6121557072663,16,16,-1.0743570473384585
heatwave,train,heatwave|강원 춘천시|20250721|03,상품권/복권,-76.9842821554301,-57.23122668571841,-90.9893945741074,38.146750648780746,15,15,19.753055469711683
heatwave,train,heatwave|강원 춘천시|20250721|03,생활잡화/수입상품점,18.335976202292013,3.925618831882315,17.34796116726177,25.374136820619462,16,16,-14.410357370409699
heatwave,train,heatwave|강원 춘천시|20250721|03,서점,-2.471226563069794,-8.19397476998999,-11.8732469316656,36.093167811987,16,16,-5.722748206920197
heatwave,train,heatwave|강원 춘천시|20250721|03,세탁소,-26.289256247473425,-11.323048567653696,-32.54565188373408,46.04471999344716,16,16,14.966207679819728
heatwave,train,heatwave|강원 춘천시|20250721|03,수제용품점,-8.613739577126912,-16.89926192101439,-11.75124505170156,71.69900639530283,16,16,-8.285522343887477
heatwave,train,heatwave|강원 춘천시|20250721|03,스포츠/레저용품,-5.900904752943486,7.425351157357817,-12.029379872153047,29.52291523339952,16,16,13.326255910301303
heatwave,train,heatwave|강원 춘천시|20250721|03,스포츠시설,63.01986961003058,22.966963174610417,51.952624675237644,56.14467863093841,16,16,-40.05290643542017
heatwave,train,heatwave|강원 춘천시|20250721|03,시계/귀금속,49.70033858123318,-5.475918094763458,7.368942345002477,127.75875003584257,16,16,-55.17625667599664
heatwave,train,heatwave|강원 춘천시|20250721|03,실내/실외골프장,-28.39022874392114,-5.456098785299461,-33.53565471808065,22.526273892559004,16,16,22.93412995862168
heatwave,train,heatwave|강원 춘천시|20250721|03,싸우나/목욕탕,-21.609987712792083,-11.566695040776564,-27.250759203284517,29.489815539573932,16,16,10.04329267201552
heatwave,train,heatwave|강원 춘천시|20250721|03,악기/음반,7.866844044227245,-18.117666249062918,-43.4864684530079,128.08098042404762,15,15,-25.984510293290164
heatwave,train,heatwave|강원 춘천시|20250721|03,안마/마사지,-10.625569038102832,-15.725556226247205,-33.59461736990842,61.39665387998128,16,16,-5.0999871881443735
heatwave,train,heatwave|강원 춘천시|20250721|03,애완동물,17.576351819129187,-6.025316659829974,-6.680515672740611,78.55915361453232,16,16,-23.601668478959162
heatwave,train,heatwave|강원 춘천시|20250721|03,약국,1.9892499025347492,8.088311464999215,8.279541023975646,32.98841761122249,16,16,6.099061562464466
heatwave,train,heatwave|강원 춘천시|20250721|03,양식,6.229804009250006,4.939080815809509,6.330916899296755,19.08840495105382,16,16,-1.2907231934404964
heatwave,train,heatwave|강원 춘천시|20250721|03,여행사/항공사,140.32370108008598,-21.260825798739642,-14.843385288702446,366.75491310507,15,15,-161.5845268788256
heatwave,train,heatwave|강원 춘천시|20250721|03,연구/번역서비스,24.093548367437158,-5.643029054054253,-10.44376571217775,90.94174386330641,16,16,-29.73657742149141
heatwave,train,heatwave|강원 춘천시|20250721|03,영화/공연,30.535914570250917,-11.43280262767644,10.445980615154944,70.0603400461876,16,16,-41.968717197927354
heatwave,train,heatwave|강원 춘천시|20250721|03,예식장/결혼서비스,-69.94066238794123,-60.19724591363986,-83.42484491796004,37.364013088074024,16,16,9.74341647430137
heatwave,train,heatwave|강원 춘천시|20250721|03,오토바이,-63.69011117485687,-26.459650439943207,-80.44678705867567,71.24928730135639,15,15,37.23046073491366
heatwave,train,heatwave|강원 춘천시|20250721|03,완구/아동용자전거,44.43685984988154,-10.47233089441141,15.341036150160662,75.34653886790892,16,16,-54.90919074429296
heatwave,train,heatwave|강원 춘천시|20250721|03,유치원,-68.69608308622088,-25.48310754808181,-80.88602519355562,42.31123823986939,15,15,43.21297553813907
heatwave,train,heatwave|강원 춘천시|20250721|03,유흥업소,-13.642089581388696,-1.956417026721692,-12.639505822964722,27.43852494719552,16,16,11.685672554667004
heatwave,train,heatwave|강원 춘천시|20250721|03,의복/의류,16.293330421885745,4.027651012361999,11.938941314356233,28.999322172850764,16,16,-12.265679409523745
heatwave,train,heatwave|강원 춘천시|20250721|03,인테리어/건축자재/주방기구,12.252799211145547,1.8716338859086412,24.29208718681705,53.11751814476401,16,16,-10.381165325236905
heatwave,train,heatwave|강원 춘천시|20250721|03,일반병원,11.998747260043416,4.941317742247652,18.737880650950803,43.510121274857575,16,16,-7.0574295177957636
heatwave,train,heatwave|강원 춘천시|20250721|03,일식,4.465786691809843,4.597817341837562,3.711300230338948,20.331983602777402,16,16,0.13203065002771908
heatwave,train,heatwave|강원 춘천시|20250721|03,자동차서비스,5.441591783312743,6.842296296865227,20.882791706609964,43.438329741277535,16,16,1.4007045135524834
heatwave,train,heatwave|강원 춘천시|20250721|03,자동차용품,19.70383410036718,2.731445504073483,3.6014270704225217,83.76162746217003,16,16,-16.972388596293698
heatwave,train,heatwave|강원 춘천시|20250721|03,장례식장/묘지/장의사,-16.486312943627475,-15.377759419983754,-78.18020204194724,130.46256853014543,16,16,1.108553523643721
heatwave,train,heatwave|강원 춘천시|20250721|03,전용매장,4.703081444155633,-20.467796770724096,-25.580937136037694,97.01411739828045,14,14,-25.17087821487973
heatwave,train,heatwave|강원 춘천시|20250721|03,정육점,1.1704099969957245,5.352008239897608,-3.3937300248501985,27.891120770730705,16,16,4.181598242901884
heatwave,train,heatwave|강원 춘천시|20250721|03,제과점,-8.008404968951782,2.237636528846959,-9.314671946448879,12.375776684236062,16,16,10.24604149779874
heatwave,train,heatwave|강원 춘천시|20250721|03,종합레저타운/놀이동산,15.88001879613121,-2.559122734751197,11.24266617931482,67.67388803413395,16,16,-18.43914153088241
heatwave,train,heatwave|강원 춘천시|20250721|03,종합병원,14.041449793935248,4.432884508485592,29.059558018862262,49.17743642020633,16,16,-9.608565285449657
heatwave,train,heatwave|강원 춘천시|20250721|03,주류판매,54.307732691200954,-1.5434265642762965,-49.39092874033233,253.54493261337223,9,9,-55.85115925547725
heatwave,train,heatwave|강원 춘천시|20250721|03,주유소,9.971770508411788,8.23667389412929,12.161898392799806,9.914206924755367,16,16,-1.735096614282499
heatwave,train,heatwave|강원 춘천시|20250721|03,주차장,-1.5141074725110883,-14.849479497482905,-23.3717103889903,94.67509692701367,16,16,-13.335372024971816
heatwave,train,heatwave|강원 춘천시|20250721|03,중고품판매점,59.22930185910608,-15.165401828808067,20.55907543972418,110.95689091687647,16,16,-74.39470368791415
heatwave,train,heatwave|강원 춘천시|20250721|03,중식,2.7837431257415695,7.123679090282389,3.4630728207603116,17.84745961043938,16,16,4.339935964540819
heatwave,train,heatwave|강원 춘천시|20250721|03,체인점,21.254902750062257,-9.940564128712143,1.3158963203324814,124.12613713758184,14,14,-31.1954668787744
heatwave,train,heatwave|강원 춘천시|20250721|03,치과병원,-0.0021094606562286344,3.963133598213686,10.247592207956624,45.42762518056842,16,16,3.965243058869915
heatwave,train,heatwave|강원 춘천시|20250721|03,커피전문점,16.988112829680794,6.271369378339132,18.32070481792725,12.85201396626803,16,16,-10.716743451341662
heatwave,train,heatwave|강원 춘천시|20250721|03,컴퓨터/소프트웨어,25.4067298250314,-8.894965141200421,-4.417332454232419,111.81442647279012,15,15,-34.30169496623182
heatwave,train,heatwave|강원 춘천시|20250721|03,택시,11.297220447462065,-2.0229702338523334,-5.997286159644921,83.19283539466545,15,15,-13.320190681314399
heatwave,train,heatwave|강원 춘천시|20250721|03,패션잡화,49.817291836514805,6.63837557166309,52.386264365671245,54.78730448311319,16,16,-43.178916264851715
heatwave,train,heatwave|강원 춘천시|20250721|03,패스트푸드,11.8097993484906,0.9478104552580154,12.70341740394109,13.778458575324388,16,16,-10.861988893232585
heatwave,train,heatwave|강원 춘천시|20250721|03,편의점,3.2179111767989523,8.23667389412929,3.754831481170833,7.081574117097093,16,16,5.018762717330337
heatwave,train,heatwave|강원 춘천시|20250721|03,학원/학습지,36.86272598112808,13.333718266010555,28.96789904248921,78.03366841652473,16,16,-23.529007715117523
heatwave,train,heatwave|강원 춘천시|20250721|03,한식,6.978120813843322,6.637936466722702,5.540394918413881,15.66436751081827,16,16,-0.34018434712062007
heatwave,train,heatwave|강원 춘천시|20250721|03,한의원,-16.08494739785335,-4.748228281839083,-8.456631481270156,34.74333284523695,16,16,11.336719116014269
heatwave,train,heatwave|강원 춘천시|20250721|03,할인점/슈퍼마켓/양판점,0.9111156739161872,6.637936466722702,-2.1928247520659614,19.316973978311093,16,16,5.726820792806515
heatwave,train,heatwave|강원 춘천시|20250721|03,헬스장,28.241040437459958,4.264635957371909,48.439844595825626,61.03842436527242,16,16,-23.97640448008805
heatwave,train,heatwave|강원 춘천시|20250721|03,호텔/콘도,66.84288022636389,-4.633895937094553,41.21544025888375,138.88796415264116,16,16,-71.47677616345844
heatwave,train,heatwave|강원 춘천시|20250721|03,화원,-4.731120752016573,-8.968598546774238,-8.076074359207277,31.998123039320994,16,16,-4.237477794757665
heatwave,train,heatwave|강원 춘천시|20250721|03,화장품,29.701648879123482,-7.068370272415292,7.79947178911556,79.81942725097998,16,16,-36.770019151538776
heatwave,train,heatwave|강원 춘천시|20250721|03,회계/변리서비스,139.9216640721056,-19.576989188657034,-54.28577743322427,467.59272374481736,16,16,-159.49865326076264
heatwave,train,heatwave|강원 춘천시|20250818|05,LPG가스,8.598342228478403,7.7299972866828925,-9.768927793076015,31.39142940993495,5,5,-0.8683449417955105
heatwave,train,heatwave|강원 춘천시|20250818|05,ZZ_나머지,-62.40950898006099,-23.31857004031855,-68.47640896565787,16.704949270289113,5,5,39.09093893974244
heatwave,train,heatwave|강원 춘천시|20250818|05,가구,-33.39533844748729,-9.292297382383572,-26.67186010577393,20.518952750105836,5,5,24.103041065103717
heatwave,train,heatwave|강원 춘천시|20250818|05,가전,-8.104211587392527,-2.882532658396122,-23.02639124921708,32.19156228088777,5,5,5.221678928996405
heatwave,train,heatwave|강원 춘천시|20250818|05,게임방/오락실,-2.64289837525075,-8.054496046058453,-2.025956398852538,6.651801122593328,5,5,-5.411597670807703
heatwave,train,heatwave|강원 춘천시|20250818|05,고속버스/철도/여객선,-74.12197342542125,-21.999944668218323,-76.09570359404306,10.19809062589511,5,5,52.122028757202926
heatwave,train,heatwave|강원 춘천시|20250818|05,기타식품,-15.899128140092511,6.232025118587879,-14.858827275706505,14.952473765271538,5,5,22.131153258680392
heatwave,train,heatwave|강원 춘천시|20250818|05,기타요식,-8.654513456539743,6.150458275771013,-8.85757607830996,8.606208829722107,5,5,14.804971732310754
heatwave,train,heatwave|강원 춘천시|20250818|05,기타유통,37.4633173287631,-2.550430001432256,23.60028925606996,42.016865372245405,5,5,-40.01374733019535
heatwave,train,heatwave|강원 춘천시|20250818|05,기타의료,-7.306728222457471,-4.038835384327568,-23.66316070334182,51.34868843696183,5,5,3.267892838129903
heatwave,train,heatwave|강원 춘천시|20250818|05,노래방,-29.80974385478184,-6.613207795231956,-40.256054518564845,24.147881595265748,5,5,23.196536059549885
heatwave,train,heatwave|강원 춘천시|20250818|05,농수산물,3.360199930726992,0.20285545730589352,6.703699091337313,22.87847845881001,5,5,-3.1573444734210985
heatwave,train,heatwave|강원 춘천시|20250818|05,독서실,12.501896795770161,-14.498198792365773,-30.83535699972132,107.7803572433627,5,5,-27.000095588135935
heatwave,train,heatwave|강원 춘천시|20250818|05,동물병원,9.666920183335803,-2.686826115254378,-4.867359963748293,39.91351094580306,5,5,-12.353746298590181
heatwave,train,heatwave|강원 춘천시|20250818|05,"모텔,여관,기타숙박",-20.25304600802396,3.3675521180346193,-31.855632196888564,25.991956858822768,5,5,23.62059812605858
heatwave,train,heatwave|강원 춘천시|20250818|05,문화용품,80.21577696498028,-9.62603570444947,72.03873341916083,170.55802698453968,5,5,-89.84181266942974
heatwave,train,heatwave|강원 춘천시|20250818|05,미용서비스,13.05652820006772,-8.248293816882803,20.242006046223626,62.18422276422422,5,5,-21.304822016950524
heatwave,train,heatwave|강원 춘천시|20250818|05,미용실,-8.50958611887459,5.569962509978178,-12.488649624686223,14.700881171180441,5,5,14.07954862885277
heatwave,train,heatwave|강원 춘천시|20250818|05,방문판매/다단계판매,97.85636348130768,-4.4714646529926885,29.756171597698813,200.72233146880873,5,5,-102.32782813430038
heatwave,train,heatwave|강원 춘천시|20250818|05,보건소,-7.9370083716877815,-22.841685516532348,-8.313512596949435,35.64496158001361,5,5,-14.904677144844566
heatwave,train,heatwave|강원 춘천시|20250818|05,사무기기/문구용품,40.786378846502075,-4.622151826784302,43.90431184919233,55.7344682111126,5,5,-45.40853067328638
heatwave,train,heatwave|강원 춘천시|20250818|05,상품권/복권,-73.77798334992329,-55.45099890411116,-78.86723886174279,25.707852133500328,5,5,18.32698444581213
heatwave,train,heatwave|강원 춘천시|20250818|05,생활잡화/수입상품점,-12.684815755130758,-0.5981749642342326,-13.212391443582543,10.28454613651271,5,5,12.086640790896526
heatwave,train,heatwave|강원 춘천시|20250818|05,서점,-29.210475113218962,-8.596272278205154,-41.34738833938036,34.33897926270314,5,5,20.614202835013806
heatwave,train,heatwave|강원 춘천시|20250818|05,세탁소,-17.931235764779753,-12.61161378407795,-18.615351402208137,22.44567892483857,5,5,5.319621980701804
heatwave,train,heatwave|강원 춘천시|20250818|05,수제용품점,-46.996615512788594,-14.745404260819427,-56.40781199554121,40.2820684700197,5,5,32.25121125196917
heatwave,train,heatwave|강원 춘천시|20250818|05,스포츠/레저용품,-34.7120443335463,4.1658903781219525,-34.638218012941564,16.19005705993479,5,5,38.87793471166825
heatwave,train,heatwave|강원 춘천시|20250818|05,스포츠시설,-21.785385919778708,4.023948424811067,-23.921742241580205,16.108410536409647,5,5,25.809334344589775
heatwave,train,heatwave|강원 춘천시|20250818|05,시계/귀금속,31.683863631621925,-8.429673001913311,9.211839035090572,112.6258607440718,5,5,-40.11353663353523
heatwave,train,heatwave|강원 춘천시|20250818|05,실내/실외골프장,-26.709335420473344,-11.85654124922467,-31.33149989983818,10.738911608091387,5,5,14.852794171248675
heatwave,train,heatwave|강원 춘천시|20250818|05,싸우나/목욕탕,-35.0184073183965,-12.611613784077951,-35.31441169759978,13.77787891544381,5,5,22.406793534318545
heatwave,train,heatwave|강원 춘천시|20250818|05,악기/음반,66.74626144910242,-20.898692946335586,-13.98294771508009,221.3142726825073,5,5,-87.644954395438
heatwave,train,heatwave|강원 춘천시|20250818|05,안마/마사지,-46.45156082129215,-19.8118059509749,-55.83804458742622,25.625710745574708,5,5,26.639754870317248
heatwave,train,heatwave|강원 춘천시|20250818|05,애완동물,-5.997779240068224,-7.795945582973604,-14.773905710799545,19.792935882397032,5,5,-1.7981663429053798
heatwave,train,heatwave|강원 춘천시|20250818|05,약국,30.0637318144162,4.753938025867363,24.69651771766396,20.166855294773338,5,5,-25.309793788548838
heatwave,train,heatwave|강원 춘천시|20250818|05,양식,-6.848165039647348,1.7733866846483068,-9.828893701914076,15.600183310868301,5,5,8.621551724295655
heatwave,train,heatwave|강원 춘천시|20250818|05,여행사/항공사,440.9359249134729,-7.11836332574597,542.3526111357742,217.09810677943076,3,3,-448.05428823921886
heatwave,train,heatwave|강원 춘천시|20250818|05,연구/번역서비스,7.148225097251993,-5.947570933660016,3.651031392514488,48.924141213414316,5,5,-13.095796030912009
heatwave,train,heatwave|강원 춘천시|20250818|05,영화/공연,33.32284470371866,-12.894839553139798,-38.25134584540617,136.49136249805647,5,5,-46.217684256858455
heatwave,train,heatwave|강원 춘천시|20250818|05,예식장/결혼서비스,-82.64280084193176,-59.06078165186384,-81.39207408465636,9.692101263298184,5,5,23.582019190067918
heatwave,train,heatwave|강원 춘천시|20250818|05,오토바이,63.742719210805355,-25.139130392856693,86.55764196103792,144.3321806221908,5,5,-88.88184960366205
heatwave,train,heatwave|강원 춘천시|20250818|05,완구/아동용자전거,-32.71577540296727,-12.611613784077951,-38.37485979027392,23.996919852414827,5,5,20.104161618889314
heatwave,train,heatwave|강원 춘천시|20250818|05,유치원,201.77748074163608,12.249875671928848,168.26917090597124,109.18670175520914,5,5,-189.52760506970725
heatwave,train,heatwave|강원 춘천시|20250818|05,유흥업소,-17.039281752464042,-5.317149610227068,-22.34932716729333,19.727786911690202,5,5,11.722132142236974
heatwave,train,heatwave|강원 춘천시|20250818|05,의복/의류,-33.13155233075791,-0.6713603925758302,-34.33144054039356,14.257123716453608,5,5,32.460191938182085
heatwave,train,heatwave|강원 춘천시|20250818|05,인테리어/건축자재/주방기구,30.409209410276496,4.410138402328821,35.694360034018366,24.438992185930207,5,5,-25.999071007947677
heatwave,train,heatwave|강원 춘천시|20250818|05,일반병원,26.211173989072016,3.3441938603795243,22.62094917701363,29.395764593820232,5,5,-22.866980128692493
heatwave,train,heatwave|강원 춘천시|20250818|05,일식,-4.504898400391572,3.961791208607494,-6.106147494801305,20.224273149631387,5,5,8.466689608999065
heatwave,train,heatwave|강원 춘천시|20250818|05,자동차서비스,34.06492175071679,4.845125317896098,29.934598551956874,13.754184742143435,5,5,-29.219796432820694
heatwave,train,heatwave|강원 춘천시|20250818|05,자동차용품,4.876743698726182,4.256454551371888,5.393524284795984,1.4760229741236965,5,5,-0.6202891473542937
heatwave,train,heatwave|강원 춘천시|20250818|05,장례식장/묘지/장의사,-36.66267964849883,-16.049580788409976,-93.64024571572124,128.96334853278051,5,5,20.613098860088854
heatwave,train,heatwave|강원 춘천시|20250818|05,전용매장,44.512114345122164,-19.730054110299093,-5.2043612241670685,127.99011144202692,5,5,-64.24216845542125
heatwave,train,heatwave|강원 춘천시|20250818|05,정육점,-19.37822237080459,4.2636779754620635,-8.579302493817314,28.058176625568407,5,5,23.641900346266652
heatwave,train,heatwave|강원 춘천시|20250818|05,제과점,2.7724130508020046,1.9112334208463373,-3.687958506394243,19.95039752311747,5,5,-0.8611796299556673
heatwave,train,heatwave|강원 춘천시|20250818|05,종합레저타운/놀이동산,-34.935819500018425,-4.902921108816099,-40.56260857107485,22.467334248941118,5,5,30.032898391202327
heatwave,train,heatwave|강원 춘천시|20250818|05,종합병원,54.58347108940886,8.055254143218896,42.70030757094384,29.700849874894555,5,5,-46.528216946189964
heatwave,train,heatwave|강원 춘천시|20250818|05,주유소,5.30796163678631,6.150458275771013,5.769393692093309,6.622977900902941,5,5,0.8424966389847031
heatwave,train,heatwave|강원 춘천시|20250818|05,주차장,-44.48374633204713,-15.980331260426222,-61.3303402288776,26.37177755611337,5,5,28.50341507162091
heatwave,train,heatwave|강원 춘천시|20250818|05,중고품판매점,157.73780855282382,-16.720816149147677,-2.2138758290702394,398.68686643495187,5,5,-174.4586247019715
heatwave,train,heatwave|강원 춘천시|20250818|05,중식,-7.792303513784605,5.856034177135945,-6.302650118483626,17.381895155194623,5,5,13.648337690920549
heatwave,train,heatwave|강원 춘천시|20250818|05,체인점,108.07183903048333,-11.986227792168613,24.50615726118396,220.64543256711565,4,4,-120.05806682265194
heatwave,train,heatwave|강원 춘천시|20250818|05,치과병원,25.239265696814407,7.56736885841489,40.86888767955162,28.998812110667302,5,5,-17.671896838399515
heatwave,train,heatwave|강원 춘천시|20250818|05,커피전문점,-0.973415106155846,3.6912638592206584,-3.948845118923216,8.024692777338098,5,5,4.664678965376504
heatwave,train,heatwave|강원 춘천시|20250818|05,컴퓨터/소프트웨어,53.83341525042071,-7.995217847583052,54.453860077960464,79.07036448454987,5,5,-61.828633098003756
heatwave,train,heatwave|강원 춘천시|20250818|05,택시,54.44570256114391,-4.16702159225475,51.502928072552514,45.053110431632824,5,5,-58.61272415339866
heatwave,train,heatwave|강원 춘천시|20250818|05,패션잡화,0.33639079918405534,3.3715622698670096,-0.1040753157168361,9.933789828586079,5,5,3.035171470682954
heatwave,train,heatwave|강원 춘천시|20250818|05,패스트푸드,-10.435247826814452,-1.5571135515204078,-11.06268098525771,5.454587132222356,5,5,8.878134275294045
heatwave,train,heatwave|강원 춘천시|20250818|05,편의점,-3.3627838631643185,6.150458275771013,-5.337079094458683,4.593831441693961,5,5,9.51324213893533
heatwave,train,heatwave|강원 춘천시|20250818|05,학원/학습지,34.041970083067135,9.196174841727885,35.35840591823891,11.8479929269149,5,5,-24.84579524133925
heatwave,train,heatwave|강원 춘천시|20250818|05,한식,-10.825794544866557,3.914542560272312,-12.457072231072738,7.963553732578943,5,5,14.74033710513887
heatwave,train,heatwave|강원 춘천시|20250818|05,한의원,-3.226370757610101,-5.142558735497699,-15.257645585340727,35.24364896063318,5,5,-1.9161879778875983
heatwave,train,heatwave|강원 춘천시|20250818|05,할인점/슈퍼마켓/양판점,-14.041393649992495,3.914542560272312,-16.51171620752011,8.145195359757894,5,5,17.955936210264806
heatwave,train,heatwave|강원 춘천시|20250818|05,헬스장,15.543141167861759,8.166404409282318,12.129971651877357,17.316221592214937,5,5,-7.37673675857944
heatwave,train,heatwave|강원 춘천시|20250818|05,호텔/콘도,32.63956650158566,-9.54437828137576,-18.57833534411473,146.5519522271765,5,5,-42.18394478296142
heatwave,train,heatwave|강원 춘천시|20250818|05,화원,9.458050427740094,-6.088115383587794,-32.17828208993302,91.76070028498162,5,5,-15.546165811327889
heatwave,train,heatwave|강원 춘천시|20250818|05,화장품,-8.395464021219318,-7.795945582973603,-16.48506573476148,19.645360698713226,5,5,0.599518438245715
heatwave,train,heatwave|강원 춘천시|20250818|05,회계/변리서비스,-29.386342508771712,-18.73716205730893,-60.82123913433926,64.47571658957017,5,5,10.649180451462783
heatwave,train,heatwave|강원 춘천시|20250824|06,LPG가스,30.671615039294796,7.492377148325181,30.671615039294796,46.882634552470556,2,2,-23.179237890969617
heatwave,train,heatwave|강원 춘천시|20250824|06,ZZ_나머지,-61.58293594745883,-33.25569521496641,-61.58293594745883,49.11047417522766,2,2,28.32724073249242
heatwave,train,heatwave|강원 춘천시|20250824|06,가구,-23.494510729256625,-7.264445250692552,-23.494510729256625,29.17457436623423,2,2,16.23006547856407
heatwave,train,heatwave|강원 춘천시|20250824|06,가전,-16.241439352481873,-7.259963509304256,-16.241439352481873,14.711162089508415,2,2,8.981475843177616
heatwave,train,heatwave|강원 춘천시|20250824|06,게임방/오락실,6.579636603165036,-8.33981991057597,6.579636603165036,25.82106448342975,2,2,-14.919456513741007
heatwave,train,heatwave|강원 춘천시|20250824|06,고속버스/철도/여객선,18.239325862336255,-15.320840395844927,18.239325862336255,24.787447429490022,2,2,-33.560166258181184
heatwave,train,heatwave|강원 춘천시|20250824|06,기타식품,-7.063481489341916,5.83278706669363,-7.063481489341916,35.027024352583574,2,2,12.896268556035546
heatwave,train,heatwave|강원 춘천시|20250824|06,기타요식,-10.052951902638856,5.424952852609296,-10.052951902638856,16.68491214509727,2,2,15.477904755248153
heatwave,train,heatwave|강원 춘천시|20250824|06,기타유통,-20.70931868702009,-3.79344993101602,-20.70931868702009,48.44748523605403,2,2,16.91586875600407
heatwave,train,heatwave|강원 춘천시|20250824|06,기타의료,-29.56095646153405,-7.259963509304256,-29.56095646153405,66.54557664223732,2,2,22.300992952229794
heatwave,train,heatwave|강원 춘천시|20250824|06,노래방,-29.554510272402222,-10.929354142701285,-29.554510272402222,5.769994001383712,2,2,18.625156129700937
heatwave,train,heatwave|강원 춘천시|20250824|06,농수산물,-27.56052244521367,-4.486968896916175,-27.56052244521367,40.44149048253863,2,2,23.073553548297497
heatwave,train,heatwave|강원 춘천시|20250824|06,독서실,39.86721364814395,-14.561478258239038,39.86721364814395,173.2629433182574,2,2,-54.428691906382994
heatwave,train,heatwave|강원 춘천시|20250824|06,동물병원,4.716809235373459,-3.304521325791139,4.716809235373459,34.492347179509295,2,2,-8.021330561164598
heatwave,train,heatwave|강원 춘천시|20250824|06,"모텔,여관,기타숙박",-30.235104373568497,4.336450974598405,-30.235104373568497,14.042292945620156,2,2,34.5715553481669
heatwave,train,heatwave|강원 춘천시|20250824|06,문화용품,-5.334465825125843,-9.211838680188178,-5.334465825125843,78.8758272356049,2,2,-3.877372855062335
heatwave,train,heatwave|강원 춘천시|20250824|06,미용서비스,19.512821746953936,-11.522306991830161,19.512821746953936,13.94676215956903,2,2,-31.035128738784096
heatwave,train,heatwave|강원 춘천시|20250824|06,미용실,-26.430658915979947,1.2239253384885487,-26.430658915979947,4.154988255831755,2,2,27.654584254468496
heatwave,train,heatwave|강원 춘천시|20250824|06,방문판매/다단계판매,294.6774584040866,-9.54786398788647,294.6774584040866,,1,1,-304.22532239197307
heatwave,train,heatwave|강원 춘천시|20250824|06,보건소,5.839521101332375,-29.14348647230339,5.839521101332375,,1,1,-34.98300757363577
heatwave,train,heatwave|강원 춘천시|20250824|06,사무기기/문구용품,-14.35602891730332,-5.898290912998894,-14.35602891730332,79.70105645468664,2,2,8.457738004304426
heatwave,train,heatwave|강원 춘천시|20250824|06,상품권/복권,-60.74581826539655,-59.00638563753856,-60.74581826539655,,1,1,1.739432627857994
heatwave,train,heatwave|강원 춘천시|20250824|06,생활잡화/수입상품점,5.118217562986915,-1.1734211297268906,5.118217562986915,24.977095017127763,2,2,-6.291638692713806
heatwave,train,heatwave|강원 춘천시|20250824|06,서점,-38.35021557154734,-12.87674757219691,-38.35021557154734,11.369799402554971,2,2,25.473467999350426
heatwave,train,heatwave|강원 춘천시|20250824|06,세탁소,-51.73470315211037,-12.87674757219691,-51.73470315211037,38.726816960980194,2,2,38.85795557991346
heatwave,train,heatwave|강원 춘천시|20250824|06,수제용품점,-62.13961161285463,-18.25273119221726,-62.13961161285463,44.08575975726268,2,2,43.88688042063737
heatwave,train,heatwave|강원 춘천시|20250824|06,스포츠/레저용품,-19.926737135896158,4.21605861692354,-19.926737135896158,28.331281585733127,2,2,24.142795752819698
heatwave,train,heatwave|강원 춘천시|20250824|06,스포츠시설,25.34170664210355,4.327633074676746,25.34170664210355,46.458029542438446,2,2,-21.014073567426802
heatwave,train,heatwave|강원 춘천시|20250824|06,시계/귀금속,3.1496111638321267,-14.116076579037916,3.1496111638321267,100.35930091390358,2,2,-17.265687742870043
heatwave,train,heatwave|강원 춘천시|20250824|06,실내/실외골프장,-16.1315394707695,-5.06210359714766,-16.1315394707695,12.617712914751301,2,2,11.06943587362184
heatwave,train,heatwave|강원 춘천시|20250824|06,싸우나/목욕탕,2.7377723817649233,-12.16868314954229,2.7377723817649233,54.71290630919077,2,2,-14.906455531307213
heatwave,train,heatwave|강원 춘천시|20250824|06,악기/음반,-76.95236986082224,2.08043468962845,-76.95236986082224,,1,1,79.03280455045069
heatwave,train,heatwave|강원 춘천시|20250824|06,안마/마사지,-66.80057142669472,-15.16754075146465,-66.80057142669472,13.694729169146946,2,2,51.63303067523007
heatwave,train,heatwave|강원 춘천시|20250824|06,애완동물,19.29168294697186,-6.618069092980424,19.29168294697186,73.81792107805097,2,2,-25.909752039952284
heatwave,train,heatwave|강원 춘천시|20250824|06,약국,-17.974687695095856,-0.7609131450536424,-17.974687695095856,83.29997924670998,2,2,17.213774550042213
heatwave,train,heatwave|강원 춘천시|20250824|06,양식,-4.012690452065433,-1.1734211297268906,-4.012690452065433,16.037120409121272,2,2,2.8392693223385423
heatwave,train,heatwave|강원 춘천시|20250824|06,여행사/항공사,-93.6625953689007,-34.64974508171706,-93.6625953689007,,1,1,59.01285028718364
heatwave,train,heatwave|강원 춘천시|20250824|06,연구/번역서비스,-43.845909678274836,-10.929354142701285,-43.845909678274836,17.525538141579567,2,2,32.91655553557355
heatwave,train,heatwave|강원 춘천시|20250824|06,영화/공연,8.984852361680748,-14.116076579037916,8.984852361680748,16.815329370442715,2,2,-23.100928940718664
heatwave,train,heatwave|강원 춘천시|20250824|06,예식장/결혼서비스,-81.79990226964205,-63.22914982691475,-81.79990226964205,7.017708793356436,2,2,18.570752442727297
heatwave,train,heatwave|강원 춘천시|20250824|06,오토바이,-72.94792901562505,-19.622168523435885,-72.94792901562505,,1,1,53.32576049218916
heatwave,train,heatwave|강원 춘천시|20250824|06,완구/아동용자전거,2.0686013667286165,-12.16868314954229,2.0686013667286165,44.11516935142655,2,2,-14.237284516270906
heatwave,train,heatwave|강원 춘천시|20250824|06,유치원,-29.34259754838491,-42.77077842876267,-29.34259754838491,84.7747485186718,2,2,-13.42818088037776
heatwave,train,heatwave|강원 춘천시|20250824|06,유흥업소,-33.16193653043115,-4.486968896916175,-33.16193653043115,32.96116058663864,2,2,28.674967633514974
heatwave,train,heatwave|강원 춘천시|20250824|06,의복/의류,-31.456701891095854,-4.486968896916175,-31.456701891095854,22.629106717481033,2,2,26.96973299417968
heatwave,train,heatwave|강원 춘천시|20250824|06,인테리어/건축자재/주방기구,-41.964322262155235,-15.693364016372012,-41.964322262155235,63.56031501878047,2,2,26.270958245783223
heatwave,train,heatwave|강원 춘천시|20250824|06,일반병원,-22.267597454884726,-13.718318216922913,-22.267597454884726,92.50536752404807,2,2,8.549279237961812
heatwave,train,heatwave|강원 춘천시|20250824|06,일식,-15.728511478977666,-1.1734211297268906,-15.728511478977666,7.34778103359988,2,2,14.555090349250776
heatwave,train,heatwave|강원 춘천시|20250824|06,자동차서비스,-18.757958288440953,-16.021152652393965,-18.757958288440953,83.80957598392187,2,2,2.736805636046988
heatwave,train,heatwave|강원 춘천시|20250824|06,자동차용품,-40.72607512131905,-4.858237918083183,-40.72607512131905,74.40096266712413,2,2,35.867837203235865
heatwave,train,heatwave|강원 춘천시|20250824|06,장례식장/묘지/장의사,107.22621529340336,-29.616981512896604,107.22621529340336,266.642420171511,2,2,-136.84319680629997
heatwave,train,heatwave|강원 춘천시|20250824|06,전용매장,-57.23079368209467,-34.64974508171706,-57.23079368209467,,1,1,22.581048600377613
heatwave,train,heatwave|강원 춘천시|20250824|06,정육점,-38.89283226147482,-1.1734211297268906,-38.89283226147482,2.5098562487465284,2,2,37.71941113174793
heatwave,train,heatwave|강원 춘천시|20250824|06,제과점,-5.661675294677316,1.2239253384885487,-5.661675294677316,22.094080049005015,2,2,6.885600633165865
heatwave,train,heatwave|강원 춘천시|20250824|06,종합레저타운/놀이동산,11.296440409660704,-2.0896224287007357,11.296440409660704,97.9267095393069,2,2,-13.38606283836144
heatwave,train,heatwave|강원 춘천시|20250824|06,종합병원,-15.772192957012134,-17.47748205099087,-15.772192957012134,79.76819444658808,2,2,-1.7052890939787346
heatwave,train,heatwave|강원 춘천시|20250824|06,주유소,-6.062768922214574,5.424952852609296,-6.062768922214574,5.194880057257,2,2,11.487721774823871
heatwave,train,heatwave|강원 춘천시|20250824|06,주차장,164.06923223578946,-17.40414742347277,164.06923223578946,102.41732764928102,2,2,-181.47337965926224
heatwave,train,heatwave|강원 춘천시|20250824|06,중고품판매점,-48.83005454012639,-15.973096928103638,-48.83005454012639,5.452121261587657,2,2,32.856957612022754
heatwave,train,heatwave|강원 춘천시|20250824|06,중식,-11.291330824749739,0.31514046691059194,-11.291330824749739,15.53975982455537,2,2,11.60647129166033
heatwave,train,heatwave|강원 춘천시|20250824|06,체인점,84.84823650249096,-13.9761082417486,84.84823650249096,,1,1,-98.82434474423957
heatwave,train,heatwave|강원 춘천시|20250824|06,치과병원,-28.810034819381773,-18.716811057831872,-28.810034819381773,89.8410973266833,2,2,10.0932237615499
heatwave,train,heatwave|강원 춘천시|20250824|06,커피전문점,4.456421974649008,3.2084428321134273,4.456421974649008,28.142932768381876,2,2,-1.247979142535581
heatwave,train,heatwave|강원 춘천시|20250824|06,컴퓨터/소프트웨어,-75.88399894953439,-18.472001568204426,-75.88399894953439,32.863136505548404,2,2,57.41199738132996
heatwave,train,heatwave|강원 춘천시|20250824|06,택시,57.95193160710207,-1.1734211297268906,57.95193160710207,,1,1,-59.12535273682896
heatwave,train,heatwave|강원 춘천시|20250824|06,패션잡화,-6.49074745109891,-2.331287687916838,-6.49074745109891,7.664986655144469,2,2,4.159459763182072
heatwave,train,heatwave|강원 춘천시|20250824|06,패스트푸드,-7.033285397078117,-1.1734211297268906,-7.033285397078117,19.098054214197553,2,2,5.8598642673512265
heatwave,train,heatwave|강원 춘천시|20250824|06,편의점,-5.211373477360425,5.424952852609296,-5.211373477360425,3.3098712899013014,2,2,10.636326329969721
heatwave,train,heatwave|강원 춘천시|20250824|06,학원/학습지,-2.493194548436442,-7.720955941866951,-2.493194548436442,102.50647472553307,2,2,-5.227761393430509
heatwave,train,heatwave|강원 춘천시|20250824|06,한식,-7.906485657506778,3.189037137110597,-7.906485657506778,1.352566389337926,2,2,11.095522794617375
heatwave,train,heatwave|강원 춘천시|20250824|06,한의원,-16.03713431490396,-5.898290912998894,-16.03713431490396,79.14614411095494,2,2,10.138843401905065
heatwave,train,heatwave|강원 춘천시|20250824|06,할인점/슈퍼마켓/양판점,-20.444324483219813,3.669816706767832,-20.444324483219813,15.451378214827052,2,2,24.114141189987645
heatwave,train,heatwave|강원 춘천시|20250824|06,헬스장,-6.206788591283278,-7.284077394224114,-6.206788591283278,97.30506032224868,2,2,-1.0772888029408358
heatwave,train,heatwave|강원 춘천시|20250824|06,호텔/콘도,-20.153831790380345,-5.989616250548558,-20.153831790380345,20.188667572052953,2,2,14.164215539831787
heatwave,train,heatwave|강원 춘천시|20250824|06,화원,-8.343601903024057,-12.87674757219691,-8.343601903024057,1.9274190277321501,2,2,-4.533145669172853
heatwave,train,heatwave|강원 춘천시|20250824|06,화장품,-19.665567527527703,-10.221289720046665,-19.665567527527703,68.52054588133555,2,2,9.444277807481038
heatwave,train,heatwave|강원 춘천시|20250824|06,회계/변리서비스,-53.35114767752127,-22.16822325101407,-53.35114767752127,8.619092328331625,2,2,31.1829244265072
heatwave,train,heatwave|강원 춘천시|20250829|07,LPG가스,29.244870644457848,8.568465009428252,29.244870644457848,68.54393628671387,2,2,-20.676405635029596
heatwave,train,heatwave|강원 춘천시|20250829|07,ZZ_나머지,41.4992012136554,-21.931524623889516,41.4992012136554,183.1276454416208,2,2,-63.43072583754491
heatwave,train,heatwave|강원 춘천시|20250829|07,가구,67.85881066075157,-7.1886265936139,67.85881066075157,114.46414679113335,2,2,-75.04743725436548
heatwave,train,heatwave|강원 춘천시|20250829|07,가전,-3.946721958026762,0.3092378020461828,-3.946721958026762,7.800811816673832,2,2,4.255959760072945
heatwave,train,heatwave|강원 춘천시|20250829|07,게임방/오락실,31.610216775598808,-5.13541016120735,31.610216775598808,29.371891622011187,2,2,-36.74562693680616
heatwave,train,heatwave|강원 춘천시|20250829|07,고속버스/철도/여객선,-18.218329832411754,-20.707043698489066,-18.218329832411754,41.6701213239922,2,2,-2.488713866077312
heatwave,train,heatwave|강원 춘천시|20250829|07,기타식품,46.87451030162924,7.111528891424537,46.87451030162924,20.052666380884368,2,2,-39.76298141020471
heatwave,train,heatwave|강원 춘천시|20250829|07,기타요식,27.3875925682229,6.90761178438237,27.3875925682229,5.866417251864639,2,2,-20.47998078384053
heatwave,train,heatwave|강원 춘천시|20250829|07,기타유통,59.531064194823145,-3.004309965143103,59.531064194823145,105.10741437466145,2,2,-62.535374159966246
heatwave,train,heatwave|강원 춘천시|20250829|07,기타의료,-34.84312622891282,0.3092378020461828,-34.84312622891282,29.82793644315047,2,2,35.152364030959006
heatwave,train,heatwave|강원 춘천시|20250829|07,노래방,47.41112207321915,-2.8249418495653664,47.41112207321915,46.88732341584846,2,2,-50.23606392278451
heatwave,train,heatwave|강원 춘천시|20250829|07,농수산물,25.515121202550702,2.7065842702616223,25.515121202550702,73.78635499235698,2,2,-22.80853693228908
heatwave,train,heatwave|강원 춘천시|20250829|07,독서실,7.810535741144186,-13.895844955463936,7.810535741144186,51.89596944206025,2,2,-21.70638069660812
heatwave,train,heatwave|강원 춘천시|20250829|07,동물병원,-6.208865997297602,-2.8249418495653664,-6.208865997297602,42.800369532067485,2,2,3.3839241477322357
heatwave,train,heatwave|강원 춘천시|20250829|07,"모텔,여관,기타숙박",-15.12586990396827,-5.236751422729979,-15.12586990396827,49.17442722904079,2,2,9.889118481238292
heatwave,train,heatwave|강원 춘천시|20250829|07,문화용품,-67.37784204863519,-4.41563198122582,-67.37784204863519,17.632485427480884,2,2,62.962210067409366
heatwave,train,heatwave|강원 춘천시|20250829|07,미용서비스,1.7659350649823242,-11.394088640423837,1.7659350649823242,25.56921224330169,2,2,-13.16002370540616
heatwave,train,heatwave|강원 춘천시|20250829|07,미용실,37.1822670857677,8.161893938758247,37.1822670857677,19.676460167695346,2,2,-29.02037314700945
heatwave,train,heatwave|강원 춘천시|20250829|07,방문판매/다단계판매,204.09341798344775,-4.360324813470969,204.09341798344775,,1,1,-208.45374279691873
heatwave,train,heatwave|강원 춘천시|20250829|07,보건소,-43.08239451372664,-34.64974508171706,-43.08239451372664,,1,1,8.432649432009583
heatwave,train,heatwave|강원 춘천시|20250829|07,사무기기/문구용품,66.9258120386977,0.4886059176239176,66.9258120386977,178.4824791070226,2,2,-66.43720612107379
heatwave,train,heatwave|강원 춘천시|20250829|07,상품권/복권,-97.88996762136387,-59.38074705483121,-97.88996762136387,1.1569599159543358,2,2,38.509220566532655
heatwave,train,heatwave|강원 춘천시|20250829|07,생활잡화/수입상품점,140.23309271426555,2.70658427026162,140.23309271426555,9.547221967735736,2,2,-137.52650844400392
heatwave,train,heatwave|강원 춘천시|20250829|07,서점,-30.472392685405616,-8.800319053216082,-30.472392685405616,5.414930031984285,2,2,21.672073632189534
heatwave,train,heatwave|강원 춘천시|20250829|07,세탁소,1.5934859770779974,-10.154759633582831,1.5934859770779974,17.31687517193057,2,2,-11.748245610660828
heatwave,train,heatwave|강원 춘천시|20250829|07,수제용품점,-33.24983556232057,-18.627092609509912,-33.24983556232057,5.958017998308896,2,2,14.622742952810658
heatwave,train,heatwave|강원 춘천시|20250829|07,스포츠/레저용품,17.367106371930255,7.2766806355600036,17.367106371930255,33.255776151885165,2,2,-10.090425736370252
heatwave,train,heatwave|강원 춘천시|20250829|07,스포츠시설,24.95917818039851,16.93673795983584,24.95917818039851,74.86002296081477,2,2,-8.022440220562672
heatwave,train,heatwave|강원 춘천시|20250829|07,시계/귀금속,9.965192428864691,-5.781786318919476,9.965192428864691,49.06664506570844,2,2,-15.746978747784167
heatwave,train,heatwave|강원 춘천시|20250829|07,실내/실외골프장,7.970723845591051,-3.579444665374586,7.970723845591051,41.36185182365551,2,2,-11.550168510965637
heatwave,train,heatwave|강원 춘천시|20250829|07,싸우나/목욕탕,8.256370491741336,-10.686024217769214,8.256370491741336,54.83011401703501,2,2,-18.942394709510552
heatwave,train,heatwave|강원 춘천시|20250829|07,악기/음반,100.97880749443047,-18.850023349423342,100.97880749443047,25.79903736570174,2,2,-119.82883084385381
heatwave,train,heatwave|강원 춘천시|20250829|07,안마/마사지,52.853716419885565,-10.326102269596657,52.853716419885565,78.78733979837841,2,2,-63.17981868948222
heatwave,train,heatwave|강원 춘천시|20250829|07,애완동물,-27.76223022233634,-5.13541016120735,-27.76223022233634,3.714674543943449,2,2,22.62682006112899
heatwave,train,heatwave|강원 춘천시|20250829|07,약국,-2.917471631150975,8.568465009428252,-2.917471631150975,22.972227718277193,2,2,11.485936640579226
heatwave,train,heatwave|강원 춘천시|20250829|07,양식,33.002635908112666,5.461520322424269,33.002635908112666,11.313800839074059,2,2,-27.541115585688395
heatwave,train,heatwave|강원 춘천시|20250829|07,여행사/항공사,-91.2246215644646,-21.446299443453476,-91.2246215644646,7.80748373775531,2,2,69.77832212101112
heatwave,train,heatwave|강원 춘천시|20250829|07,연구/번역서비스,-4.974426461738009,-4.506957318775484,-4.974426461738009,70.96487288756329,2,2,0.46746914296252484
heatwave,train,heatwave|강원 춘천시|20250829|07,영화/공연,8.958260743758652,-9.446695210928208,8.958260743758652,47.532236746519395,2,2,-18.404955954686862
heatwave,train,heatwave|강원 춘천시|20250829|07,예식장/결혼서비스,-48.364471613904925,-56.21129228335232,-48.364471613904925,52.677961671269614,2,2,-7.846820669447396
heatwave,train,heatwave|강원 춘천시|20250829|07,오토바이,-70.95034381831128,-30.667572996261462,-70.95034381831128,2.2087390049992113,2,2,40.28277082204982
heatwave,train,heatwave|강원 춘천시|20250829|07,완구/아동용자전거,-25.65617057527376,-12.633417647264842,-25.65617057527376,39.978165977176765,2,2,13.022752928008916
heatwave,train,heatwave|강원 춘천시|20250829|07,유치원,-77.7994757493376,-21.99856321521344,-77.7994757493376,28.84012144613528,2,2,55.800912534124166
heatwave,train,heatwave|강원 춘천시|20250829|07,유흥업소,18.792479474805152,1.9361657117238518,18.792479474805152,20.32012064054023,2,2,-16.8563137630813
heatwave,train,heatwave|강원 춘천시|20250829|07,의복/의류,3.4285216124853584,2.70658427026162,3.4285216124853584,37.40472352005182,2,2,-0.7219373422237383
heatwave,train,heatwave|강원 춘천시|20250829|07,인테리어/건축자재/주방기구,-6.9809991750262155,0.9885200457185697,-6.9809991750262155,28.718531100003883,2,2,7.969519220744785
heatwave,train,heatwave|강원 춘천시|20250829|07,일반병원,40.230190111326856,6.90761178438237,40.230190111326856,8.85519215312473,2,2,-33.32257832694449
heatwave,train,heatwave|강원 춘천시|20250829|07,일식,32.095624696006574,8.161893938758247,32.095624696006574,18.710298656984087,2,2,-23.933730757248327
heatwave,train,heatwave|강원 춘천시|20250829|07,자동차서비스,7.5539910153708405,9.045894885908744,7.5539910153708405,35.34521792357469,2,2,1.4919038705379037
heatwave,train,heatwave|강원 춘천시|20250829|07,자동차용품,-0.8632904478519423,1.7977993986836651,-0.8632904478519423,19.464458122409784,2,2,2.6610898465356074
heatwave,train,heatwave|강원 춘천시|20250829|07,장례식장/묘지/장의사,256.61174932842613,-14.490437996330565,256.61174932842613,260.3448463737592,2,2,-271.1021873247567
heatwave,train,heatwave|강원 춘천시|20250829|07,전용매장,-13.726039733568772,-16.770072260444188,-13.726039733568772,37.2406986213368,2,2,-3.044032526875416
heatwave,train,heatwave|강원 춘천시|20250829|07,정육점,30.451949202826757,6.990501922564865,30.451949202826757,7.201094769480557,2,2,-23.461447280261893
heatwave,train,heatwave|강원 춘천시|20250829|07,제과점,33.001002904370964,4.167353736306734,33.001002904370964,8.084584268400707,2,2,-28.83364916806423
heatwave,train,heatwave|강원 춘천시|20250829|07,종합레저타운/놀이동산,34.489943001065804,0.9220181032129324,34.489943001065804,88.81108755084371,2,2,-33.56792489785287
heatwave,train,heatwave|강원 춘천시|20250829|07,종합병원,81.41319440983212,8.568465009428252,81.41319440983212,53.096815916807486,2,2,-72.84472940040386
heatwave,train,heatwave|강원 춘천시|20250829|07,주류판매,487.0329047834267,2.08043468962845,487.0329047834267,,1,1,-484.95247009379824
heatwave,train,heatwave|강원 춘천시|20250829|07,주유소,14.289545903456771,6.90761178438237,14.289545903456771,0.03764612104940051,2,2,-7.381934119074401
heatwave,train,heatwave|강원 춘천시|20250829|07,주차장,-21.69755894970833,-14.490437996330567,-21.69755894970833,10.454985290047187,2,2,7.207120953377764
heatwave,train,heatwave|강원 춘천시|20250829|07,중고품판매점,157.10264048497336,-11.984517053654823,157.10264048497336,336.08868954858104,2,2,-169.0871575386282
heatwave,train,heatwave|강원 춘천시|20250829|07,중식,22.483649139113094,8.161893938758247,22.483649139113094,12.97654989537191,2,2,-14.321755200354847
heatwave,train,heatwave|강원 춘천시|20250829|07,체인점,49.47250287183705,-1.089938014605091,49.47250287183705,151.77582834685393,2,2,-50.56244088644214
heatwave,train,heatwave|강원 춘천시|20250829|07,치과병원,-9.29051190389475,8.568465009428252,-9.29051190389475,21.659140789811516,2,2,17.858976913323
heatwave,train,heatwave|강원 춘천시|20250829|07,커피전문점,17.377025871186007,6.990501922564865,17.377025871186007,7.1584847380548755,2,2,-10.386523948621143
heatwave,train,heatwave|강원 춘천시|20250829|07,컴퓨터/소프트웨어,56.079605282355,-7.301907054666139,56.079605282355,218.12962209637038,2,2,-63.381512337021135
heatwave,train,heatwave|강원 춘천시|20250829|07,택시,-54.664543232540375,-10.615454821855424,-54.664543232540375,53.12822030374099,2,2,44.04908841068495
heatwave,train,heatwave|강원 춘천시|20250829|07,패션잡화,26.871760485163886,5.237913623433599,26.871760485163886,31.071081634356826,2,2,-21.633846861730287
heatwave,train,heatwave|강원 춘천시|20250829|07,패스트푸드,11.141056812576593,1.9361657117238518,11.141056812576593,15.684052032440679,2,2,-9.204891100852741
heatwave,train,heatwave|강원 춘천시|20250829|07,편의점,7.674478237735931,6.90761178438237,7.674478237735931,3.4106510692901013,2,2,-0.7668664533535612
heatwave,train,heatwave|강원 춘천시|20250829|07,학원/학습지,2.2432036161051556,-5.137956802701751,2.2432036161051556,81.54715501781165,2,2,-7.381160418806907
heatwave,train,heatwave|강원 춘천시|20250829|07,한식,23.27881544638555,4.671696068883669,23.27881544638555,11.117599468192427,2,2,-18.60711937750188
heatwave,train,heatwave|강원 춘천시|20250829|07,한의원,32.32403214954304,-2.8249418495653664,32.32403214954304,59.15850288337893,2,2,-35.14897399910841
heatwave,train,heatwave|강원 춘천시|20250829|07,할인점/슈퍼마켓/양판점,13.825423600687891,5.633255208198138,13.825423600687891,23.654399193147725,2,2,-8.192168392489753
heatwave,train,heatwave|강원 춘천시|20250829|07,헬스장,13.694220821149887,-5.172965620019167,13.694220821149887,46.261115653511,2,2,-18.867186441169054
heatwave,train,heatwave|강원 춘천시|20250829|07,호텔/콘도,48.20126419920506,-7.729179748415104,48.20126419920506,72.53690855807454,2,2,-55.93044394762017
heatwave,train,heatwave|강원 춘천시|20250829|07,화원,91.50809628351638,-1.8218623940180676,91.50809628351638,58.486285124509116,2,2,-93.32995867753445
heatwave,train,heatwave|강원 춘천시|20250829|07,화장품,62.08155306421391,-10.686024217769216,62.08155306421391,156.73039473216673,2,2,-72.76757728198312
heatwave,train,heatwave|강원 춘천시|20250829|07,회계/변리서비스,-46.28798642815289,-13.180237258644631,-46.28798642815289,28.69377490947747,2,2,33.10774916950826
heatwave,train,heatwave|서울 강남구|20250723|03,LPG가스,44.57002543284068,5.044566939237904,16.2906849510905,119.42036141975133,11,11,-39.52545849360278
heatwave,train,heatwave|서울 강남구|20250723|03,ZZ_나머지,-3.1346407076259264,-4.1978744633985805,2.675915922786684,47.5835649741197,11,11,-1.063233755772654
heatwave,train,heatwave|서울 강남구|20250723|03,가구,13.032046380719144,0.437010946171976,14.910836435829848,59.115981848885916,11,11,-12.59503543454717
heatwave,train,heatwave|서울 강남구|20250723|03,가전,15.745685653637196,4.988442881298565,14.582307794009012,31.414015255124465,11,11,-10.757242772338632
heatwave,train,heatwave|서울 강남구|20250723|03,게임방/오락실,14.722250291628098,-0.7456540541203235,6.977380607955133,20.653346890081192,11,11,-15.467904345748423
heatwave,train,heatwave|서울 강남구|20250723|03,결제대행(PG),-11.9466469250043,-2.7789556865397205,-11.937272416540823,22.436727672112323,11,11,9.16769123846458
heatwave,train,heatwave|서울 강남구|20250723|03,고속버스/철도/여객선,-10.576699273362722,4.3057463706323,-10.183026008980816,9.373228631067683,11,11,14.882445643995023
heatwave,train,heatwave|서울 강남구|20250723|03,기타식품,10.675000823828386,4.144905722861072,-2.9044426931545604,45.09404954211206,11,11,-6.530095100967314
heatwave,train,heatwave|서울 강남구|20250723|03,기타요식,2.0644514445301683,2.497469554548507,9.170437041226066,19.497410327101452,11,11,0.43301811001833856
heatwave,train,heatwave|서울 강남구|20250723|03,기타유통,-4.065369272358584,1.4788963264224462,-19.00142219954502,58.6210343757871,11,11,5.54426559878103
heatwave,train,heatwave|서울 강남구|20250723|03,기타의료,75.66831586253306,4.091564280484888,70.26999276121148,141.32018975444308,11,11,-71.57675158204817
heatwave,train,heatwave|서울 강남구|20250723|03,노래방,16.510692329392853,-0.08678470034179554,16.30370611093807,23.073514409691505,11,11,-16.597477029734648
heatwave,train,heatwave|서울 강남구|20250723|03,농수산물,1.369724462631624,2.4201876386345074,-9.057025568805948,37.55482121334136,11,11,1.0504631760028833
heatwave,train,heatwave|서울 강남구|20250723|03,독서실,24.977992712889808,-3.6282326733274832,25.0523671531718,43.188812535220094,11,11,-28.60622538621729
heatwave,train,heatwave|서울 강남구|20250723|03,동물병원,11.396622121748507,4.815658344212753,2.737109702992136,23.663063464387175,11,11,-6.580963777535754
heatwave,train,heatwave|서울 강남구|20250723|03,면세점,-27.95816794139399,-12.601415115685313,-60.901863248407146,68.12166838962304,11,11,15.356752825708679
heatwave,train,heatwave|서울 강남구|20250723|03,"모텔,여관,기타숙박",-8.034168009588383,5.235870282397156,-5.8832941790345865,26.198093864921088,11,11,13.27003829198554
heatwave,train,heatwave|서울 강남구|20250723|03,문화용품,-6.019677948999313,-6.038313568562055,-52.86098017213818,92.76416335664261,11,11,-0.01863561956274218
heatwave,train,heatwave|서울 강남구|20250723|03,미용서비스,12.998819927381625,3.7403171405034157,20.838967715580868,29.339719728511305,11,11,-9.258502786878209
heatwave,train,heatwave|서울 강남구|20250723|03,미용실,23.363974300794847,4.3057463706323,14.10708459648814,44.34639978745736,11,11,-19.05822793016255
heatwave,train,heatwave|서울 강남구|20250723|03,방문판매/다단계판매,11.52174931806871,7.125802770148102,4.750146378991821,45.019936424719795,11,11,-4.395946547920609
heatwave,train,heatwave|서울 강남구|20250723|03,백화점,-15.804728693667153,0.24802402371735377,-12.019402589571978,10.20830901912648,11,11,16.052752717384507
heatwave,train,heatwave|서울 강남구|20250723|03,법률/사무서비스,6.929752708232604,-2.5507653725599155,13.316156249315714,62.04346212664384,11,11,-9.48051808079252
heatwave,train,heatwave|서울 강남구|20250723|03,보건소,-16.17652310845918,-20.9628605720089,-20.635331844152667,20.928893159822593,8,8,-4.786337463549721
heatwave,train,heatwave|서울 강남구|20250723|03,보험,28.015973264919435,-0.5998215502593197,-37.864941185305256,177.78844087409223,11,11,-28.615794815178756
heatwave,train,heatwave|서울 강남구|20250723|03,부동산중개,85.50568518249793,-21.596734332135096,-22.89342390945898,381.48641647669655,11,11,-107.10241951463303
heatwave,train,heatwave|서울 강남구|20250723|03,사무기기/문구용품,-4.505082327270736,1.6472279387639945,20.85866721051509,48.31774999852436,11,11,6.15231026603473
heatwave,train,heatwave|서울 강남구|20250723|03,상품권/복권,-46.57332241391482,-34.36793972689906,-47.28891110657415,14.50451069078743,11,11,12.205382687015764
heatwave,train,heatwave|서울 강남구|20250723|03,생활잡화/수입상품점,15.570102978325439,4.3057463706323,1.4299381509912277,45.626106473989466,11,11,-11.264356607693138
heatwave,train,heatwave|서울 강남구|20250723|03,서점,92.07592155266767,6.623482206656536,61.77316719310145,101.91893943958932,11,11,-85.45243934601113
heatwave,train,heatwave|서울 강남구|20250723|03,세탁소,-11.677519127387269,-4.979201371724655,-15.046947983328046,38.237294859529925,11,11,6.698317755662614
heatwave,train,heatwave|서울 강남구|20250723|03,쇼핑몰,-2.552899514156394,2.497469554548507,-0.7814768349330524,10.526533023780328,11,11,5.050369068704901
heatwave,train,heatwave|서울 강남구|20250723|03,수입자동차,-35.2287558672467,-5.4666040380369845,-27.295753469817758,44.00617748854399,11,11,29.762151829209714
heatwave,train,heatwave|서울 강남구|20250723|03,수제용품점,-26.957610732959722,-21.690229313295575,-63.44682397578606,75.31776382912959,11,11,5.267381419664147
heatwave,train,heatwave|서울 강남구|20250723|03,스포츠/레저용품,5.0113627537875285,3.8703734906549454,-6.87970219590013,30.181394521977953,11,11,-1.140989263132583
heatwave,train,heatwave|서울 강남구|20250723|03,스포츠시설,29.82679731682077,18.93408894833628,31.98348043219161,22.24002957908634,11,11,-10.892708368484488
heatwave,train,heatwave|서울 강남구|20250723|03,시계/귀금속,-16.512792876602273,4.663180244991892,-16.085032603285107,28.699123275624125,11,11,21.175973121594165
heatwave,train,heatwave|서울 강남구|20250723|03,실내/실외골프장,-15.110998550823513,-11.454711664707494,-22.828056013858664,33.54481293442466,11,11,3.6562868861160194
heatwave,train,heatwave|서울 강남구|20250723|03,싸우나/목욕탕,2.4001572405576295,-8.16379528238818,-3.420863861382524,22.387564168631197,11,11,-10.56395252294581
heatwave,train,heatwave|서울 강남구|20250723|03,악기/음반,-11.368741767450793,-10.916063799413285,-5.787320074178464,53.57378998014372,11,11,0.4526779680375075
heatwave,train,heatwave|서울 강남구|20250723|03,안마/마사지,0.6045459291855605,-4.1245433224120776,-7.2050377123797125,30.16409876837088,11,11,-4.729089251597638
heatwave,train,heatwave|서울 강남구|20250723|03,애완동물,-5.793314063183114,-3.9760845435880965,-14.333133932541893,32.596600760646645,11,11,1.8172295195950179
heatwave,train,heatwave|서울 강남구|20250723|03,약국,7.949153917270523,3.2849629032443812,10.947192987312604,46.49142104086774,11,11,-4.664191014026141
heatwave,train,heatwave|서울 강남구|20250723|03,양식,-28.622857352465292,4.1309174362114875,-25.64818312700592,11.52341196073286,11,11,32.75377478867678
heatwave,train,heatwave|서울 강남구|20250723|03,여행사/항공사,-7.632859100995569,-3.333018301520076,-29.54153999149712,59.49491858365662,11,11,4.2998407994754935
heatwave,train,heatwave|서울 강남구|20250723|03,연구/번역서비스,29.416301658139165,4.6165073423074965,9.557762171882317,49.05314979149907,11,11,-24.79979431583167
heatwave,train,heatwave|서울 강남구|20250723|03,영화/공연,1.0180571160525735,-0.6545421101138316,-9.455406458520551,20.3580790006986,11,11,-1.672599226166405
heatwave,train,heatwave|서울 강남구|20250723|03,예식장/결혼서비스,-34.71466861340734,-16.582155944399844,-52.97074412787183,41.43474413995903,11,11,18.132512669007497
heatwave,train,heatwave|서울 강남구|20250723|03,오토바이,-5.357697579121774,-22.255528499849916,-30.155170455401507,70.7740165084656,11,11,-16.897830920728143
heatwave,train,heatwave|서울 강남구|20250723|03,완구/아동용자전거,-38.78989627613092,-5.459998802096728,-44.569480695992496,27.838222626400274,11,11,33.32989747403419
heatwave,train,heatwave|서울 강남구|20250723|03,유치원,-63.318675400568,-28.896609655724312,-73.05262388597437,27.435821039308276,10,10,34.422065744843685
heatwave,train,heatwave|서울 강남구|20250723|03,유흥업소,6.752999123417501,3.987090186971116,10.216028694388806,39.931803118613594,11,11,-2.765908936446385
heatwave,train,heatwave|서울 강남구|20250723|03,의복/의류,-19.617856185506486,2.7649342421431795,-23.296306484134373,14.60821958939135,11,11,22.382790427649667
heatwave,train,heatwave|서울 강남구|20250723|03,인테리어/건축자재/주방기구,6.501428203310217,0.5058253906955786,-4.386103304384746,72.42287062383453,11,11,-5.995602812614639
heatwave,train,heatwave|서울 강남구|20250723|03,일반병원,17.759995358467673,3.801902425605664,23.163796475443743,40.360408904561076,11,11,-13.958092932862009
heatwave,train,heatwave|서울 강남구|20250723|03,일식,9.846858888561934,4.3057463706323,18.87993479948503,22.87364966859058,11,11,-5.541112517929634
heatwave,train,heatwave|서울 강남구|20250723|03,자동차서비스,27.873603057738304,5.315286323576476,31.75690734401892,53.39885138357208,11,11,-22.558316734161828
heatwave,train,heatwave|서울 강남구|20250723|03,자동차용품,3.9663989845011147,-1.4593104876695322,22.714519517430496,49.72645059843759,11,11,-5.425709472170647
heatwave,train,heatwave|서울 강남구|20250723|03,장례식장/묘지/장의사,34.191553345845094,0.33881711176991375,38.00992733750719,60.24157741819586,10,10,-33.85273623407518
heatwave,train,heatwave|서울 강남구|20250723|03,전용매장,-5.425672558428103,-5.4164272855466,-7.398965620145263,25.693600196595053,11,11,0.00924527288150312
heatwave,train,heatwave|서울 강남구|20250723|03,정육점,-0.26184141260615834,5.245841792588927,-2.4289215299606357,13.082459977714748,11,11,5.507683205195086
heatwave,train,heatwave|서울 강남구|20250723|03,제과점,-3.6227170614182245,4.3057463706323,-2.7307057897183857,10.262126453251923,11,11,7.928463432050524
heatwave,train,heatwave|서울 강남구|20250723|03,종합병원,3.8964451400486153,2.512614831777281,21.733302523187984,40.25924743382624,11,11,-1.3838303082713344
heatwave,train,heatwave|서울 강남구|20250723|03,주류판매,-14.741450378373662,-1.7710744777975533,-9.4316517407542,31.505373841005298,11,11,12.970375900576109
heatwave,train,heatwave|서울 강남구|20250723|03,주유소,7.947916857306163,4.3057463706323,9.25748249579628,12.466421341991142,11,11,-3.642170486673863
heatwave,train,heatwave|서울 강남구|20250723|03,주차장,11.283137220693119,1.962330009812252,15.517196837775646,36.57937276495233,11,11,-9.320807210880867
heatwave,train,heatwave|서울 강남구|20250723|03,중고품판매점,35.07272447939159,-14.322895325672421,-45.3083712951159,251.33025282381683,11,11,-49.39561980506401
heatwave,train,heatwave|서울 강남구|20250723|03,중식,6.7126753373657175,4.3057463706323,17.4558320986273,20.782479026064514,11,11,-2.4069289667334175
heatwave,train,heatwave|서울 강남구|20250723|03,체인점,18.40461909189875,-4.439860426262718,9.3343649919477,36.808673499630274,11,11,-22.844479518161467
heatwave,train,heatwave|서울 강남구|20250723|03,치과병원,13.187068678011803,0.8281148998550596,19.507852328625745,38.99594452672102,11,11,-12.358953778156744
heatwave,train,heatwave|서울 강남구|20250723|03,커피전문점,4.282684092749446,2.7649342421431795,10.251348627955222,11.076556853883401,11,11,-1.5177498506062665
heatwave,train,heatwave|서울 강남구|20250723|03,컴퓨터/소프트웨어,-4.355418463985756,2.738721957782681,-7.132307409370731,12.515443939123296,11,11,7.0941404217684365
heatwave,train,heatwave|서울 강남구|20250723|03,택시,9.468007781690154,-11.515475172694597,7.060421604515368,55.54862833300604,9,9,-20.98348295438475
heatwave,train,heatwave|서울 강남구|20250723|03,"통신요금(이동,시내전화)",1.6763584912015725,4.18836504032214,-0.978932213770994,25.380332999002423,11,11,2.512006549120568
heatwave,train,heatwave|서울 강남구|20250723|03,패션잡화,42.810432629872516,12.182895430216092,13.853670777852743,66.4865910417473,11,11,-30.627537199656423
heatwave,train,heatwave|서울 강남구|20250723|03,패스트푸드,4.017080311540591,4.410590403747353,7.716771016738741,15.082200725717227,11,11,0.39351009220676225
heatwave,train,heatwave|서울 강남구|20250723|03,편의점,8.122267926619484,2.7649342421431795,13.81851379104052,18.84633704931204,11,11,-5.357333684476305
heatwave,train,heatwave|서울 강남구|20250723|03,학원/학습지,39.470789444566286,16.68214117641796,35.46874350792906,26.99344148446059,11,11,-22.788648268148325
heatwave,train,heatwave|서울 강남구|20250723|03,한식,3.483113281661957,2.979974361016855,9.69016668987618,21.325567308141643,11,11,-0.5031389206451022
heatwave,train,heatwave|서울 강남구|20250723|03,한의원,5.419512382235802,3.6324650968486862,12.056452533421869,37.603164288566106,11,11,-1.787047285387116
heatwave,train,heatwave|서울 강남구|20250723|03,할인점/슈퍼마켓/양판점,4.410533274329928,2.7387219577826807,0.8688562043280061,10.405729527607527,11,11,-1.671811316547247
heatwave,train,heatwave|서울 강남구|20250723|03,헬스장,28.83709144751989,12.266055737522578,42.33597751404675,54.90076525016435,11,11,-16.57103570999731
heatwave,train,heatwave|서울 강남구|20250723|03,호텔/콘도,4.14866966660416,4.3057463706323,-5.322786171685425,27.904236077297934,11,11,0.15707670402813978
heatwave,train,heatwave|서울 강남구|20250723|03,화원,-15.051560234386727,-6.820697986101759,-32.580145382269016,44.60100040438109,11,11,8.230862248284968
heatwave,train,heatwave|서울 강남구|20250723|03,화장품,18.355405392132994,4.104471517281277,25.646440095496192,42.69670151184409,11,11,-14.250933874851718
heatwave,train,heatwave|서울 강남구|20250723|03,회계/변리서비스,14.469100024038225,-2.1150075636502037,13.500839539163811,54.82925471615907,11,11,-16.58410758768843
heatwave,train,heatwave|서울 강남구|20250804|04,LPG가스,6.3962428427281885,8.492998564889465,6.3962428427281885,7.12670005606672,2,2,2.0967557221612765
heatwave,train,heatwave|서울 강남구|20250804|04,ZZ_나머지,-38.54647699359232,-7.4642990407248755,-38.54647699359232,2.065372402806731,2,2,31.082177952867447
heatwave,train,heatwave|서울 강남구|20250804|04,가구,-27.949493230310296,8.89956963555947,-27.949493230310296,38.917851254002215,2,2,36.84906286586977
heatwave,train,heatwave|서울 강남구|20250804|04,가전,19.681595991192722,7.646550624597923,19.681595991192722,8.898686704771974,2,2,-12.0350453665948
heatwave,train,heatwave|서울 강남구|20250804|04,게임방/오락실,-8.033858889803483,0.6403424281773972,-8.033858889803483,7.638986457627796,2,2,8.67420131798088
heatwave,train,heatwave|서울 강남구|20250804|04,결제대행(PG),-5.9124318328334295,-2.132652184210684,-5.9124318328334295,23.686694685048376,2,2,3.7797796486227457
heatwave,train,heatwave|서울 강남구|20250804|04,고속버스/철도/여객선,-2.8593968066487294,7.238716410513586,-2.8593968066487294,1.2330113813634938,2,2,10.098113217162314
heatwave,train,heatwave|서울 강남구|20250804|04,기타식품,-9.057338342754392,7.238716410513586,-9.057338342754392,10.844340473616215,2,2,16.296054753267978
heatwave,train,heatwave|서울 강남구|20250804|04,기타요식,-2.998652686150254,4.414378382306604,-2.998652686150254,10.764751843778223,2,2,7.413031068456858
heatwave,train,heatwave|서울 강남구|20250804|04,기타유통,20.093228633365705,7.728177619366081,20.093228633365705,18.625856062249962,2,2,-12.365051013999624
heatwave,train,heatwave|서울 강남구|20250804|04,기타의료,-29.328370104767885,4.930317493782923,-29.328370104767885,5.106032098492923,2,2,34.25868759855081
heatwave,train,heatwave|서울 강남구|20250804|04,노래방,-12.05392160520309,0.6403424281773972,-12.05392160520309,7.493101527496752,2,2,12.694264033380488
heatwave,train,heatwave|서울 강남구|20250804|04,농수산물,16.70771361530701,8.492998564889465,16.70771361530701,24.141093769803792,2,2,-8.214715050417546
heatwave,train,heatwave|서울 강남구|20250804|04,독서실,5.492705407911951,4.727851351811045,5.492705407911951,6.073484836380277,2,2,-0.7648540561009058
heatwave,train,heatwave|서울 강남구|20250804|04,동물병원,-24.108696401465842,8.492998564889465,-24.108696401465842,3.1734656358280584,2,2,32.60169496635531
heatwave,train,heatwave|서울 강남구|20250804|04,면세점,-74.51976607819478,-8.40752616214238,-74.51976607819478,2.0557867990522336,2,2,66.1122399160524
heatwave,train,heatwave|서울 강남구|20250804|04,"모텔,여관,기타숙박",34.89388690272111,8.492998564889465,34.89388690272111,20.77701141543273,2,2,-26.400888337831642
heatwave,train,heatwave|서울 강남구|20250804|04,문화용품,10.4923773080817,3.0376888963928366,10.4923773080817,90.29226742555126,2,2,-7.454688411688863
heatwave,train,heatwave|서울 강남구|20250804|04,미용서비스,37.59999590793665,7.321606548696081,37.59999590793665,32.24461390779325,2,2,-30.27838935924057
heatwave,train,heatwave|서울 강남구|20250804|04,미용실,-36.87122084616534,7.238716410513586,-36.87122084616534,14.206731770026073,2,2,44.10993725667893
heatwave,train,heatwave|서울 강남구|20250804|04,방문판매/다단계판매,-10.64039219488265,13.672609379138134,-10.64039219488265,15.000503614804657,2,2,24.313001574020785
heatwave,train,heatwave|서울 강남구|20250804|04,백화점,-38.211012642081826,0.48993897979565393,-38.211012642081826,24.055608058150334,2,2,38.70095162187748
heatwave,train,heatwave|서울 강남구|20250804|04,법률/사무서비스,18.439015446130764,9.306140706229474,18.439015446130764,28.898433082924594,2,2,-9.13287473990129
heatwave,train,heatwave|서울 강남구|20250804|04,보건소,30.304647985158827,-20.375939072357845,30.304647985158827,52.95403342839099,2,2,-50.680587057516675
heatwave,train,heatwave|서울 강남구|20250804|04,보험,-36.19740706433567,4.414378382306604,-36.19740706433567,22.213026991604135,2,2,40.61178544664227
heatwave,train,heatwave|서울 강남구|20250804|04,부동산중개,93.73962163498496,-7.39807512228389,93.73962163498496,82.24904710936589,2,2,-101.13769675726884
heatwave,train,heatwave|서울 강남구|20250804|04,사무기기/문구용품,15.515136158122193,9.306140706229474,15.515136158122193,2.448782676596329,2,2,-6.208995451892719
heatwave,train,heatwave|서울 강남구|20250804|04,상품권/복권,198.67891665016262,5.226899160395208,198.67891665016262,151.41850190178158,2,2,-193.4520174897674
heatwave,train,heatwave|서울 강남구|20250804|04,생활잡화/수입상품점,44.78359900175098,7.238716410513586,44.78359900175098,74.89606804215984,2,2,-37.544882591237396
heatwave,train,heatwave|서울 강남구|20250804|04,서점,-16.578688541258806,7.238716410513586,-16.578688541258806,9.731084852896775,2,2,23.817404951772392
heatwave,train,heatwave|서울 강남구|20250804|04,세탁소,-0.5496449540848385,-1.046277429334217,-0.5496449540848385,21.70287187541773,2,2,-0.4966324752493785
heatwave,train,heatwave|서울 강남구|20250804|04,쇼핑몰,18.67462030218841,4.414378382306604,18.67462030218841,3.3170906033925065,2,2,-14.260241919881803
heatwave,train,heatwave|서울 강남구|20250804|04,수입자동차,72.02377130463037,8.069774594743695,72.02377130463037,154.398100218224,2,2,-63.95399670988668
heatwave,train,heatwave|서울 강남구|20250804|04,수제용품점,224.73974598369762,-10.594037231190374,224.73974598369762,83.39763336112563,2,2,-235.333783214888
heatwave,train,heatwave|서울 강남구|20250804|04,스포츠/레저용품,-3.4895116996070263,5.946932036645338,-3.4895116996070263,6.15296310423569,2,2,9.436443736252365
heatwave,train,heatwave|서울 강남구|20250804|04,스포츠시설,1.7054771821045627,16.2995931203696,1.7054771821045627,14.983882772279783,2,2,14.594115938265038
heatwave,train,heatwave|서울 강남구|20250804|04,시계/귀금속,-49.67789708894209,8.492998564889465,-49.67789708894209,19.6466762994483,2,2,58.17089565383155
heatwave,train,heatwave|서울 강남구|20250804|04,실내/실외골프장,-20.576052892376186,-12.567206229935927,-20.576052892376186,27.998750578078408,2,2,8.00884666244026
heatwave,train,heatwave|서울 강남구|20250804|04,싸우나/목욕탕,-5.90202308288657,-2.4938372234341517,-5.90202308288657,0.5275038227162163,2,2,3.4081858594524186
heatwave,train,heatwave|서울 강남구|20250804|04,악기/음반,-22.212560372027482,-12.302313021133628,-22.212560372027482,17.983170576486906,2,2,9.910247350893854
heatwave,train,heatwave|서울 강남구|20250804|04,안마/마사지,58.59214444874725,-2.4938372234341517,58.59214444874725,109.08079572701247,2,2,-61.0859816721814
heatwave,train,heatwave|서울 강남구|20250804|04,애완동물,-12.879672914905868,3.757391143568333,-12.879672914905868,42.95325610228784,2,2,16.637064058474202
heatwave,train,heatwave|서울 강남구|20250804|04,약국,27.910203627903964,7.238716410513586,27.910203627903964,0.8165922838863278,2,2,-20.67148721739038
heatwave,train,heatwave|서울 강남구|20250804|04,양식,-40.67681513533148,7.238716410513586,-40.67681513533148,11.042596778971571,2,2,47.91553154584507
heatwave,train,heatwave|서울 강남구|20250804|04,여행사/항공사,-16.133892924276317,-2.6732053390118873,-16.133892924276317,11.468466250085681,2,2,13.46068758526443
heatwave,train,heatwave|서울 강남구|20250804|04,연구/번역서비스,-4.7784944262775255,8.89956963555947,-4.7784944262775255,44.372340230115704,2,2,13.678064061836995
heatwave,train,heatwave|서울 강남구|20250804|04,영화/공연,-18.53385452489078,1.7435223102753015,-18.53385452489078,11.72717060322872,2,2,20.277376835166084
heatwave,train,heatwave|서울 강남구|20250804|04,예식장/결혼서비스,-49.12058151102546,-23.210733997070474,-49.12058151102546,6.670657529465354,2,2,25.90984751395499
heatwave,train,heatwave|서울 강남구|20250804|04,오토바이,-42.718710754340776,-21.68976401362534,-42.718710754340776,12.095603742675577,2,2,21.028946740715437
heatwave,train,heatwave|서울 강남구|20250804|04,완구/아동용자전거,-69.75617295903706,-2.6732053390118873,-69.75617295903706,4.974049074420557,2,2,67.08296762002517
heatwave,train,heatwave|서울 강남구|20250804|04,유치원,-80.68520937940806,-27.322637692421203,-80.68520937940806,1.3555579545060166,2,2,53.36257168698686
heatwave,train,heatwave|서울 강남구|20250804|04,유흥업소,-29.483227865799076,7.238716410513586,-29.483227865799076,11.056996570841903,2,2,36.72194427631266
heatwave,train,heatwave|서울 강남구|20250804|04,의복/의류,-28.398802296842234,5.0028006950148844,-28.398802296842234,14.925759082334455,2,2,33.40160299185712
heatwave,train,heatwave|서울 강남구|20250804|04,인테리어/건축자재/주방기구,29.113539672566088,9.306140706229474,29.113539672566088,5.006978454270127,2,2,-19.807398966336613
heatwave,train,heatwave|서울 강남구|20250804|04,일반병원,35.434216272811426,5.44625660525924,35.434216272811426,7.669034548982283,2,2,-29.987959667552186
heatwave,train,heatwave|서울 강남구|20250804|04,일식,-0.06373748438446158,7.238716410513586,-0.06373748438446158,10.136939795552653,2,2,7.302453894898047
heatwave,train,heatwave|서울 강남구|20250804|04,자동차서비스,41.72621576843645,12.729260654466204,41.72621576843645,43.10676876781604,2,2,-28.996955113970245
heatwave,train,heatwave|서울 강남구|20250804|04,자동차용품,44.462510560626555,8.492998564889465,44.462510560626555,33.76482632253362,2,2,-35.96951199573709
heatwave,train,heatwave|서울 강남구|20250804|04,장례식장/묘지/장의사,13.1584860216152,8.492998564889465,13.1584860216152,40.745576019153845,2,2,-4.665487456725735
heatwave,train,heatwave|서울 강남구|20250804|04,전용매장,14.146432718455815,0.6403424281773972,14.146432718455815,9.884346235086591,2,2,-13.506090290278417
heatwave,train,heatwave|서울 강남구|20250804|04,정육점,-13.537649625178364,8.492998564889465,-13.537649625178364,5.072269997876263,2,2,22.03064819006783
heatwave,train,heatwave|서울 강남구|20250804|04,제과점,-4.365781056156977,7.238716410513586,-4.365781056156977,11.662419184187417,2,2,11.604497466670562
heatwave,train,heatwave|서울 강남구|20250804|04,종합병원,24.631328692632927,5.0028006950148844,24.631328692632927,10.436689135963558,2,2,-19.628527997618043
heatwave,train,heatwave|서울 강남구|20250804|04,주류판매,9.472348344201762,6.964016964748872,9.472348344201762,25.05210331114188,2,2,-2.5083313794528905
heatwave,train,heatwave|서울 강남구|20250804|04,주유소,2.1962311742794403,7.238716410513586,2.1962311742794403,5.574168728369437,2,2,5.042485236234146
heatwave,train,heatwave|서울 강남구|20250804|04,주차장,27.34080923668607,7.683719211924368,27.34080923668607,0.9239791688805826,2,2,-19.6570900247617
heatwave,train,heatwave|서울 강남구|20250804|04,중고품판매점,-31.480508902964278,-11.06298401429262,-31.480508902964278,52.800341947562835,2,2,20.417524888671657
heatwave,train,heatwave|서울 강남구|20250804|04,중식,2.48485009634259,7.238716410513586,2.48485009634259,8.283164876635183,2,2,4.753866314170995
heatwave,train,heatwave|서울 강남구|20250804|04,체인점,35.13417258839639,1.4005973650747068,35.13417258839639,15.117021092639861,2,2,-33.73357522332168
heatwave,train,heatwave|서울 강남구|20250804|04,치과병원,46.41419901681992,7.238716410513586,46.41419901681992,11.352669308144653,2,2,-39.17548260630633
heatwave,train,heatwave|서울 강남구|20250804|04,커피전문점,1.0822252486424193,5.0028006950148844,1.0822252486424193,7.033406922034288,2,2,3.920575446372465
heatwave,train,heatwave|서울 강남구|20250804|04,컴퓨터/소프트웨어,-12.920926176419341,4.414378382306604,-12.920926176419341,4.733737190105275,2,2,17.335304558725944
heatwave,train,heatwave|서울 강남구|20250804|04,택시,-34.60042593080879,-5.986753106201172,-34.60042593080879,3.703367843959712,2,2,28.61367282460762
heatwave,train,heatwave|서울 강남구|20250804|04,"통신요금(이동,시내전화)",6.687250750089806,7.238716410513586,6.687250750089806,37.78345753085853,2,2,0.55146566042378
heatwave,train,heatwave|서울 강남구|20250804|04,패션잡화,-20.612945585480567,7.881368607340591,-20.612945585480567,10.275166496106067,2,2,28.494314192821157
heatwave,train,heatwave|서울 강남구|20250804|04,패스트푸드,1.040027337842731,7.646550624597923,1.040027337842731,1.4829090898186903,2,2,6.606523286755192
heatwave,train,heatwave|서울 강남구|20250804|04,편의점,7.550141072182776,5.0028006950148844,7.550141072182776,5.907987926651451,2,2,-2.5473403771678917
heatwave,train,heatwave|서울 강남구|20250804|04,학원/학습지,27.638683583632684,17.569033118010008,27.638683583632684,13.850561247230793,2,2,-10.069650465622676
heatwave,train,heatwave|서울 강남구|20250804|04,한식,3.009920764352966,4.414378382306604,3.009920764352966,7.147881058838021,2,2,1.4044576179536383
heatwave,train,heatwave|서울 강남구|20250804|04,한의원,4.664493911749224,7.238716410513586,4.664493911749224,13.947821154314068,2,2,2.574222498764362
heatwave,train,heatwave|서울 강남구|20250804|04,할인점/슈퍼마켓/양판점,-4.010128548662411,4.414378382306604,-4.010128548662411,2.8401950801456723,2,2,8.424506930969017
heatwave,train,heatwave|서울 강남구|20250804|04,헬스장,45.76350689105389,15.880850819111899,45.76350689105389,5.537553912276677,2,2,-29.882656071941994
heatwave,train,heatwave|서울 강남구|20250804|04,호텔/콘도,-31.42328281394878,7.238716410513586,-31.42328281394878,12.115406830033034,2,2,38.66199922446236
heatwave,train,heatwave|서울 강남구|20250804|04,화원,-43.49016782307157,-2.4938372234341517,-43.49016782307157,10.823048068006724,2,2,40.996330599637425
heatwave,train,heatwave|서울 강남구|20250804|04,화장품,55.48973831734765,7.238716410513586,55.48973831734765,101.50370415856132,2,2,-48.25102190683407
heatwave,train,heatwave|서울 강남구|20250804|04,회계/변리서비스,69.98603137981549,6.964016964748867,69.98603137981549,104.53577416488338,2,2,-63.02201441506662
heatwave,train,heatwave|서울 강남구|20250818|05,LPG가스,41.47759518406677,7.773685906299522,7.106030686793797,93.35240434569288,8,8,-33.70390927776725
heatwave,train,heatwave|서울 강남구|20250818|05,ZZ_나머지,-23.657314387076507,-3.2599088644733265,-20.491835610483513,35.056039933053135,8,8,20.39740552260318
heatwave,train,heatwave|서울 강남구|20250818|05,가구,-29.44817986265387,7.258363196591564,-53.780360877068105,70.8863219713069,8,8,36.70654305924543
heatwave,train,heatwave|서울 강남구|20250818|05,가전,-21.493749295700198,8.390356601369016,-23.279855357655766,8.875257349097701,8,8,29.88410589706921
heatwave,train,heatwave|서울 강남구|20250818|05,게임방/오락실,0.5693549712030328,1.9310746575971405,-11.548063297732378,25.970295223251526,8,8,1.3617196863941077
heatwave,train,heatwave|서울 강남구|20250818|05,결제대행(PG),-14.230098001601036,0.09661912132654184,-15.493429855722729,20.341789575820012,8,8,14.326717122927578
heatwave,train,heatwave|서울 강남구|20250818|05,고속버스/철도/여객선,-5.374919014256381,7.282582797460008,-2.6038444464059163,10.134769295715262,8,8,12.65750181171639
heatwave,train,heatwave|서울 강남구|20250818|05,기타식품,-1.0938503477772539,7.274121298565163,-13.165295420677108,47.12821154676646,8,8,8.367971646342417
heatwave,train,heatwave|서울 강남구|20250818|05,기타요식,-4.649232161017392,3.7826270084433347,2.5316439865342493,18.6836981720287,8,8,8.431859169460726
heatwave,train,heatwave|서울 강남구|20250818|05,기타유통,-28.106326359217107,0.8299259155126848,-21.02902558303815,22.480147461298785,8,8,28.936252274729792
heatwave,train,heatwave|서울 강남구|20250818|05,기타의료,37.80735112860354,1.3072116876153026,70.11295177484797,91.9681701711002,8,8,-36.50013944098824
heatwave,train,heatwave|서울 강남구|20250818|05,노래방,-16.40999521537392,-0.3665754539595003,-20.86376559076216,18.05586346632014,8,8,16.04341976141442
heatwave,train,heatwave|서울 강남구|20250818|05,농수산물,0.5942519535801081,2.389462667912664,2.4906767451502154,28.63565507793808,8,8,1.7952107143325557
heatwave,train,heatwave|서울 강남구|20250818|05,독서실,14.702364338673513,-1.4733705040824547,3.40273753541743,47.20993331134679,8,8,-16.17573484275597
heatwave,train,heatwave|서울 강남구|20250818|05,동물병원,6.262934153255778,8.279968350449572,-1.5465639452361903,33.047941829677775,8,8,2.0170341971937935
heatwave,train,heatwave|서울 강남구|20250818|05,면세점,18.460109493723138,0.33284204563851283,13.429715731948354,98.35543732412062,8,8,-18.127267448084623
heatwave,train,heatwave|서울 강남구|20250818|05,"모텔,여관,기타숙박",-21.548952407278023,8.339724911958541,-26.88222754295762,15.471953753044419,8,8,29.888677319236564
heatwave,train,heatwave|서울 강남구|20250818|05,문화용품,-20.128307652998398,-3.780703743279959,-19.06759261908274,39.73523269871866,8,8,16.34760390971844
heatwave,train,heatwave|서울 강남구|20250818|05,미용서비스,-5.0470313889350695,6.104379477154502,-2.631079147965045,37.528113512672036,8,8,11.151410866089572
heatwave,train,heatwave|서울 강남구|20250818|05,미용실,16.954662565903728,7.282582797460008,16.745464678098283,40.43311015032893,8,8,-9.67207976844372
heatwave,train,heatwave|서울 강남구|20250818|05,방문판매/다단계판매,17.18026511168303,2.403299649966641,19.148961519318327,57.22816133854146,8,8,-14.77696546171639
heatwave,train,heatwave|서울 강남구|20250818|05,백화점,-14.952151741572724,2.1170081287479663,-20.373765314144162,21.647527667120446,8,8,17.06915987032069
heatwave,train,heatwave|서울 강남구|20250818|05,법률/사무서비스,16.082420999099455,-6.640321311209448,-3.4600240151395116,74.7090973945798,8,8,-22.722742310308902
heatwave,train,heatwave|서울 강남구|20250818|05,보건소,-1.235967901671014,-16.13816586238954,4.904124060864625,28.58408673590949,6,6,-14.902197960718524
heatwave,train,heatwave|서울 강남구|20250818|05,보험,114.91493020832,-0.7735077190645101,-47.744280424998806,299.5972447106878,8,8,-115.68843792738451
heatwave,train,heatwave|서울 강남구|20250818|05,부동산중개,17.13069083809177,-19.456473586192168,-18.816122877646485,103.05835407654662,8,8,-36.58716442428394
heatwave,train,heatwave|서울 강남구|20250818|05,사무기기/문구용품,5.848335024592126,-0.00015354238796438935,20.028930313800558,51.31192348820483,8,8,-5.848488566980091
heatwave,train,heatwave|서울 강남구|20250818|05,상품권/복권,-37.371350766080326,-29.140189346310585,-42.773942430235834,19.15113853211955,8,8,8.231161419769741
heatwave,train,heatwave|서울 강남구|20250818|05,생활잡화/수입상품점,-7.30879683803418,7.282582797460008,-9.380399530074774,18.907918096944577,8,8,14.591379635494189
heatwave,train,heatwave|서울 강남구|20250818|05,서점,12.96328773148025,7.222826235951039,8.40714584148608,36.642619546372096,8,8,-5.740461495529211
heatwave,train,heatwave|서울 강남구|20250818|05,세탁소,-11.15992377695915,-5.7348496180553585,-4.954442748212969,29.94749306380833,8,8,5.425074158903792
heatwave,train,heatwave|서울 강남구|20250818|05,쇼핑몰,8.203862777037704,4.458244769253027,6.086573799438641,15.296618336699632,8,8,-3.7456180077846772
heatwave,train,heatwave|서울 강남구|20250818|05,수입자동차,26.228004338593337,-3.350655741814772,-1.256641942346619,89.21878697490854,8,8,-29.57866008040811
heatwave,train,heatwave|서울 강남구|20250818|05,수제용품점,-29.445809745513706,-14.60643608637335,-38.37606953351968,47.248879339920585,8,8,14.839373659140357
heatwave,train,heatwave|서울 강남구|20250818|05,스포츠/레저용품,-14.662449078777847,6.1993646122967645,-18.82144739842285,19.12412241568471,8,8,20.861813691074612
heatwave,train,heatwave|서울 강남구|20250818|05,스포츠시설,25.52415332185312,14.164719901613454,12.25352462627466,37.87505548517596,8,8,-11.359433420239666
heatwave,train,heatwave|서울 강남구|20250818|05,시계/귀금속,13.848048775739025,7.11240618353511,8.78797233039687,41.523903437841945,8,8,-6.735642592203916
heatwave,train,heatwave|서울 강남구|20250818|05,실내/실외골프장,-19.077792403469573,-13.575127865140344,-21.918074189926443,11.82748472493561,8,8,5.502664538329229
heatwave,train,heatwave|서울 강남구|20250818|05,싸우나/목욕탕,0.3662793872999961,-3.963744361362538,3.499193070717948,31.376441471476987,8,8,-4.3300237486625335
heatwave,train,heatwave|서울 강남구|20250818|05,악기/음반,5.934889400134296,-6.819720466976479,-42.30547841335756,111.01010731712589,8,8,-12.754609867110775
heatwave,train,heatwave|서울 강남구|20250818|05,안마/마사지,0.6754667389788178,-2.807898003524546,-8.402454026133249,36.40695755869227,8,8,-3.483364742503364
heatwave,train,heatwave|서울 강남구|20250818|05,애완동물,-0.29681689721623705,-0.13243120341692005,-4.656855835928187,29.87767150904766,8,8,0.164385693799317
heatwave,train,heatwave|서울 강남구|20250818|05,약국,2.2266668484223002,6.370531872521224,15.872606517605487,43.247604356477346,8,8,4.143865024098924
heatwave,train,heatwave|서울 강남구|20250818|05,양식,-0.5254780455242098,5.524550798030393,-9.360546748069513,43.893119968884754,8,8,6.050028843554603
heatwave,train,heatwave|서울 강남구|20250818|05,여행사/항공사,-11.172336433883892,2.386163262019723,-50.07471424665226,74.37657500691667,8,8,13.558499695903615
heatwave,train,heatwave|서울 강남구|20250818|05,연구/번역서비스,-10.478986532205017,8.441367679626042,-21.844678216769218,41.26871710036813,8,8,18.92035421183106
heatwave,train,heatwave|서울 강남구|20250818|05,영화/공연,-3.5154782230377286,-0.10050015836425857,-8.32650192561696,45.811813146968355,8,8,3.41497806467347
heatwave,train,heatwave|서울 강남구|20250818|05,예식장/결혼서비스,-7.319201885156816,-12.8339096785393,-27.548571277294577,74.49574084182946,8,8,-5.514707793382484
heatwave,train,heatwave|서울 강남구|20250818|05,오토바이,-10.52871221616848,-14.709538531218335,-7.001830150243583,61.42385997642226,8,8,-4.180826315049856
heatwave,train,heatwave|서울 강남구|20250818|05,완구/아동용자전거,-25.28817292164049,-6.938959563403471,-19.690103127965873,46.56639399602521,8,8,18.34921335823702
heatwave,train,heatwave|서울 강남구|20250818|05,유치원,95.40005588560464,4.186940913674756,92.26714205108638,129.2866634626356,8,8,-91.21311497192988
heatwave,train,heatwave|서울 강남구|20250818|05,유흥업소,-9.349304464438342,5.256532370394346,-0.2843080444053827,40.719268690080895,8,8,14.605836834832688
heatwave,train,heatwave|서울 강남구|20250818|05,의복/의류,-23.325804320039573,5.0466670819613055,-19.639401567848935,20.037258223603114,8,8,28.37247140200088
heatwave,train,heatwave|서울 강남구|20250818|05,인테리어/건축자재/주방기구,38.534975917013085,-2.296945839082989,46.61227461122545,75.10231587119095,8,8,-40.83192175609607
heatwave,train,heatwave|서울 강남구|20250818|05,일반병원,6.635131456244993,3.6908819091611544,19.782757326551646,42.624062694784705,8,8,-2.944249547083839
heatwave,train,heatwave|서울 강남구|20250818|05,일식,0.20993608539072312,7.282582797460008,3.1030910377126837,22.023946466500053,8,8,7.072646712069285
heatwave,train,heatwave|서울 강남구|20250818|05,자동차서비스,15.177797966143252,0.813245892574312,22.311853967482982,50.646120746745815,8,8,-14.364552073568941
heatwave,train,heatwave|서울 강남구|20250818|05,자동차용품,12.765014573295408,-7.322246442649126,17.215509302297338,67.31972076025974,8,8,-20.087261015944534
heatwave,train,heatwave|서울 강남구|20250818|05,장례식장/묘지/장의사,8.578610748839667,6.231867936781558,11.5535838553738,38.40047279043456,8,8,-2.3467428120581086
heatwave,train,heatwave|서울 강남구|20250818|05,전용매장,-6.032677835259821,-2.024353090621659,-7.5034761226982525,9.117661798736476,8,8,4.008324744638162
heatwave,train,heatwave|서울 강남구|20250818|05,정육점,-10.436747327682326,8.279968350449572,-11.633328831634653,15.309801220556157,8,8,18.716715678131898
heatwave,train,heatwave|서울 강남구|20250818|05,제과점,1.9453315917864278,7.282582797460008,-2.0549931689641583,17.993017044742427,8,8,5.33725120567358
heatwave,train,heatwave|서울 강남구|20250818|05,종합병원,3.269669873923418,4.3099980933337285,18.025689676672634,36.29914408946682,8,8,1.0403282194103105
heatwave,train,heatwave|서울 강남구|20250818|05,주류판매,-17.7403094487533,0.06696242634136818,-29.062248610274395,55.66906961430351,8,8,17.80727187509467
heatwave,train,heatwave|서울 강남구|20250818|05,주유소,5.308791777479394,7.282582797460008,8.123363859315488,13.019210772466199,8,8,1.973791019980614
heatwave,train,heatwave|서울 강남구|20250818|05,주차장,8.089118161713822,3.5053850709455547,15.844689951181063,33.332846925049246,8,8,-4.583733090768267
heatwave,train,heatwave|서울 강남구|20250818|05,중고품판매점,10.839358446178894,-12.571799463026068,-39.66341754765199,135.64158419733707,8,8,-23.41115790920496
heatwave,train,heatwave|서울 강남구|20250818|05,중식,-0.031938008604307455,7.282582797460008,1.163812028099102,13.939616535718885,8,8,7.314520806064316
heatwave,train,heatwave|서울 강남구|20250818|05,체인점,-11.544015945333042,-0.3895182778942833,-8.902717115170454,22.89090077230652,8,8,11.15449766743876
heatwave,train,heatwave|서울 강남구|20250818|05,치과병원,15.595187686459287,2.3353657009004847,33.41439659384648,49.45602856476269,8,8,-13.259821985558801
heatwave,train,heatwave|서울 강남구|20250818|05,커피전문점,1.6645258556892812,5.0466670819613055,1.30577785082364,10.571855131017204,8,8,3.382141226272024
heatwave,train,heatwave|서울 강남구|20250818|05,컴퓨터/소프트웨어,-11.065982852719822,4.458244769253027,-11.219405826188673,9.19409057780588,8,8,15.524227621972848
heatwave,train,heatwave|서울 강남구|20250818|05,택시,50.76798465652734,-6.642407264963838,36.0488803418955,106.38260171714786,7,7,-57.410391921491176
heatwave,train,heatwave|서울 강남구|20250818|05,"통신요금(이동,시내전화)",13.832925487919086,7.33356207422055,10.529989507482778,50.1671993533215,8,8,-6.499363413698536
heatwave,train,heatwave|서울 강남구|20250818|05,패션잡화,-17.848569607752623,7.9252349942870115,-14.715190583264661,13.64696556544049,8,8,25.773804602039633
heatwave,train,heatwave|서울 강남구|20250818|05,패스트푸드,-2.742040889565479,8.29905616167468,-2.8415574424229044,11.616265322340894,8,8,11.041097051240158
heatwave,train,heatwave|서울 강남구|20250818|05,편의점,-0.18802637777266085,5.367437491069445,6.08887361519441,14.290693024489622,8,8,5.555463868842106
heatwave,train,heatwave|서울 강남구|20250818|05,학원/학습지,15.711341395952012,17.61289950495643,17.34549952390332,33.46147373286857,8,8,1.9015581090044194
heatwave,train,heatwave|서울 강남구|20250818|05,한식,-1.5710970731486624,4.458244769253027,4.331066274478379,19.530178630774316,8,8,6.029341842401689
heatwave,train,heatwave|서울 강남구|20250818|05,한의원,10.372947387234465,5.3162889319033155,21.25836170754259,45.18674655933266,8,8,-5.056658455331149
heatwave,train,heatwave|서울 강남구|20250818|05,할인점/슈퍼마켓/양판점,-3.5188620499448207,4.458244769253027,-8.58389776176437,11.031709685333908,8,8,7.977106819197848
heatwave,train,heatwave|서울 강남구|20250818|05,헬스장,8.285409507299851,15.198874165483977,16.73745787783023,41.671673373830664,8,8,6.913464658184125
heatwave,train,heatwave|서울 강남구|20250818|05,호텔/콘도,-0.7069021480785391,7.282582797460008,-12.067352641909352,34.25578673339371,8,8,7.989484945538547
heatwave,train,heatwave|서울 강남구|20250818|05,화원,8.740706451290958,-2.897881786247739,-4.335119389395646,58.595728580161385,8,8,-11.638588237538697
heatwave,train,heatwave|서울 강남구|20250818|05,화장품,3.7647811492372956,7.1211834682835375,9.051561113767201,34.181693268575884,8,8,3.356402319046242
heatwave,train,heatwave|서울 강남구|20250818|05,회계/변리서비스,-14.428304825817513,-0.4989133822727141,-22.6563498386914,45.005019411252285,8,8,13.929391443544798
heatwave,train,heatwave|서울 강남구|20250829|06,LPG가스,554.7824211197883,7.842200729250291,554.7824211197883,,1,1,-546.940220390538
heatwave,train,heatwave|서울 강남구|20250829|06,ZZ_나머지,62.59895677787246,-3.476520594987166,62.59895677787246,,1,1,-66.07547737285962
heatwave,train,heatwave|서울 강남구|20250829|06,가구,81.13598699592563,-7.851237716167358,81.13598699592563,,1,1,-88.987224712093
heatwave,train,heatwave|서울 강남구|20250829|06,가전,-7.65517414623825,7.842200729250291,-7.65517414623825,,1,1,15.497374875488541
heatwave,train,heatwave|서울 강남구|20250829|06,게임방/오락실,5.635283276860084,-0.0104554074617755,5.635283276860084,,1,1,-5.645738684321859
heatwave,train,heatwave|서울 강남구|20250829|06,결제대행(PG),-23.519849025261497,4.7842375289691015,-23.519849025261497,,1,1,28.304086554230597
heatwave,train,heatwave|서울 강남구|20250829|06,고속버스/철도/여객선,-0.0194931338719871,7.065971066946168,-0.0194931338719871,,1,1,7.085464200818155
heatwave,train,heatwave|서울 강남구|20250829|06,기타식품,41.321372489042126,7.065971066946168,41.321372489042126,,1,1,-34.25540142209596
heatwave,train,heatwave|서울 강남구|20250829|06,기타요식,16.44522621662114,4.241633038739187,16.44522621662114,,1,1,-12.203593177881952
heatwave,train,heatwave|서울 강남구|20250829|06,기타유통,13.680517443033242,5.499416696863521,13.680517443033242,,1,1,-8.181100746169722
heatwave,train,heatwave|서울 강남구|20250829|06,기타의료,219.62506306016527,7.483831787023381,219.62506306016527,,1,1,-212.1412312731419
heatwave,train,heatwave|서울 강남구|20250829|06,노래방,17.86601842679681,-0.0104554074617755,17.86601842679681,,1,1,-17.876473834258586
heatwave,train,heatwave|서울 강남구|20250829|06,농수산물,48.158227998104046,7.842200729250291,48.158227998104046,,1,1,-40.31602726885375
heatwave,train,heatwave|서울 강남구|20250829|06,독서실,10.705740258864878,4.077053516171876,10.705740258864878,,1,1,-6.628686742693002
heatwave,train,heatwave|서울 강남구|20250829|06,동물병원,10.044906273192488,8.6553428705903,10.044906273192488,,1,1,-1.3895634026021888
heatwave,train,heatwave|서울 강남구|20250829|06,면세점,-29.952353039056124,-0.0104554074617755,-29.952353039056124,,1,1,29.941897631594347
heatwave,train,heatwave|서울 강남구|20250829|06,"모텔,여관,기타숙박",93.6297598841844,7.842200729250291,93.6297598841844,,1,1,-85.7875591549341
heatwave,train,heatwave|서울 강남구|20250829|06,문화용품,346.19337474854314,-0.0104554074617755,346.19337474854314,,1,1,-346.2038301560049
heatwave,train,heatwave|서울 강남구|20250829|06,미용서비스,5.474891520545227,7.842200729250291,5.474891520545227,,1,1,2.3673092087050644
heatwave,train,heatwave|서울 강남구|20250829|06,미용실,20.08045812378232,7.065971066946168,20.08045812378232,,1,1,-13.014487056836153
heatwave,train,heatwave|서울 강남구|20250829|06,방문판매/다단계판매,9.348877269821449,13.42838261416896,9.348877269821449,,1,1,4.0795053443475116
heatwave,train,heatwave|서울 강남구|20250829|06,백화점,-7.111698161682909,3.424846411234422,-7.111698161682909,,1,1,10.536544572917332
heatwave,train,heatwave|서울 강남구|20250829|06,법률/사무서비스,-12.639426280157876,7.842200729250291,-12.639426280157876,,1,1,20.481627009408168
heatwave,train,heatwave|서울 강남구|20250829|06,보건소,8.240659587514877,-18.946785819017865,8.240659587514877,,1,1,-27.187445406532742
heatwave,train,heatwave|서울 강남구|20250829|06,보험,89.02422351024799,4.241633038739187,89.02422351024799,,1,1,-84.78259047150881
heatwave,train,heatwave|서울 강남구|20250829|06,부동산중개,60.71107603476344,-11.716516994795208,60.71107603476344,,1,1,-72.42759302955865
heatwave,train,heatwave|서울 강남구|20250829|06,사무기기/문구용품,14.848603445664734,9.133395362662055,14.848603445664734,,1,1,-5.715208083002679
heatwave,train,heatwave|서울 강남구|20250829|06,상품권/복권,-20.697013123714296,-24.40458092312806,-20.697013123714296,,1,1,-3.707567799413763
heatwave,train,heatwave|서울 강남구|20250829|06,생활잡화/수입상품점,67.14166745051787,7.065971066946168,67.14166745051787,,1,1,-60.0756963835717
heatwave,train,heatwave|서울 강남구|20250829|06,서점,2.0454789189876714,7.065971066946168,2.0454789189876714,,1,1,5.020492147958496
heatwave,train,heatwave|서울 강남구|20250829|06,세탁소,34.389640936465206,-0.0104554074617755,34.389640936465206,,1,1,-34.40009634392698
heatwave,train,heatwave|서울 강남구|20250829|06,쇼핑몰,-20.29492600071392,4.241633038739187,-20.29492600071392,,1,1,24.53655903945311
heatwave,train,heatwave|서울 강남구|20250829|06,수입자동차,63.31523642311273,7.065971066946168,63.31523642311273,,1,1,-56.24926535616656
heatwave,train,heatwave|서울 강남구|20250829|06,수제용품점,-16.34493241671109,-15.232745120886422,-16.34493241671109,,1,1,1.1121872958246666
heatwave,train,heatwave|서울 강남구|20250829|06,스포츠/레저용품,41.52793697381686,6.0522749446845925,41.52793697381686,,1,1,-35.475662029132266
heatwave,train,heatwave|서울 강남구|20250829|06,스포츠시설,0.3755844307317881,15.648795284730424,0.3755844307317881,,1,1,15.273210853998636
heatwave,train,heatwave|서울 강남구|20250829|06,시계/귀금속,-49.43852596995622,5.774776433534401,-49.43852596995622,,1,1,55.213302403490616
heatwave,train,heatwave|서울 강남구|20250829|06,실내/실외골프장,-56.29372271334037,-15.544216727199853,-56.29372271334037,,1,1,40.74950598614052
heatwave,train,heatwave|서울 강남구|20250829|06,싸우나/목욕탕,-0.851654334027834,-3.144635059073322,-0.851654334027834,,1,1,-2.2929807250454877
heatwave,train,heatwave|서울 강남구|20250829|06,악기/음반,3.010474530644357,3.482460475305245,3.010474530644357,,1,1,0.47198594466088784
heatwave,train,heatwave|서울 강남구|20250829|06,안마/마사지,44.12309547961141,-0.0104554074617755,44.12309547961141,,1,1,-44.133550887073184
heatwave,train,heatwave|서울 강남구|20250829|06,애완동물,-9.662819219831524,-0.0104554074617755,-9.662819219831524,,1,1,9.65236381236975
heatwave,train,heatwave|서울 강남구|20250829|06,약국,52.05736796692021,7.065971066946168,52.05736796692021,,1,1,-44.99139689997404
heatwave,train,heatwave|서울 강남구|20250829|06,양식,-14.738799559662953,5.791614490761936,-14.738799559662953,,1,1,20.530414050424888
heatwave,train,heatwave|서울 강남구|20250829|06,여행사/항공사,-4.4171930790336535,8.6553428705903,-4.4171930790336535,,1,1,13.072535949623953
heatwave,train,heatwave|서울 강남구|20250829|06,연구/번역서비스,73.33938161982138,9.133395362662055,73.33938161982138,,1,1,-64.20598625715932
heatwave,train,heatwave|서울 강남구|20250829|06,영화/공연,-21.708674667534822,7.842200729250291,-21.708674667534822,,1,1,29.550875396785113
heatwave,train,heatwave|서울 강남구|20250829|06,예식장/결혼서비스,-24.467090106221963,-22.68582324835204,-24.467090106221963,,1,1,1.7812668578699231
heatwave,train,heatwave|서울 강남구|20250829|06,오토바이,6.3705466653024825,-12.554194896261652,6.3705466653024825,,1,1,-18.924741561564133
heatwave,train,heatwave|서울 강남구|20250829|06,완구/아동용자전거,-35.57133486233628,-0.0104554074617755,-35.57133486233628,,1,1,35.5608794548745
heatwave,train,heatwave|서울 강남구|20250829|06,유치원,-39.82098954806553,-17.284027047731083,-39.82098954806553,,1,1,22.53696250033445
heatwave,train,heatwave|서울 강남구|20250829|06,유흥업소,82.79131559220497,7.065971066946168,82.79131559220497,,1,1,-75.7253445252588
heatwave,train,heatwave|서울 강남구|20250829|06,의복/의류,-18.30967474326695,4.830055351447466,-18.30967474326695,,1,1,23.139730094714416
heatwave,train,heatwave|서울 강남구|20250829|06,인테리어/건축자재/주방기구,81.21016066485323,8.6553428705903,81.21016066485323,,1,1,-72.55481779426293
heatwave,train,heatwave|서울 강남구|20250829|06,일반병원,43.96926209548538,5.273511261691822,43.96926209548538,,1,1,-38.695750833793554
heatwave,train,heatwave|서울 강남구|20250829|06,일식,33.64334152481737,7.065971066946168,33.64334152481737,,1,1,-26.577370457871204
heatwave,train,heatwave|서울 강남구|20250829|06,자동차서비스,136.90585447645768,12.760432417940953,136.90585447645768,,1,1,-124.14542205851673
heatwave,train,heatwave|서울 강남구|20250829|06,자동차용품,36.07507629279463,6.223642023320095,36.07507629279463,,1,1,-29.85143426947453
heatwave,train,heatwave|서울 강남구|20250829|06,장례식장/묘지/장의사,191.1769825606905,7.842200729250291,191.1769825606905,,1,1,-183.3347818314402
heatwave,train,heatwave|서울 강남구|20250829|06,전용매장,18.349818279216173,-0.0104554074617755,18.349818279216173,,1,1,-18.36027368667795
heatwave,train,heatwave|서울 강남구|20250829|06,정육점,0.9167844227331922,8.6553428705903,0.9167844227331922,,1,1,7.738558447857107
heatwave,train,heatwave|서울 강남구|20250829|06,제과점,13.21944265023842,7.065971066946168,13.21944265023842,,1,1,-6.153471583292252
heatwave,train,heatwave|서울 강남구|20250829|06,종합병원,18.72786427558134,4.830055351447466,18.72786427558134,,1,1,-13.897808924133873
heatwave,train,heatwave|서울 강남구|20250829|06,주류판매,65.07526602044813,9.133395362662055,65.07526602044813,,1,1,-55.94187065778607
heatwave,train,heatwave|서울 강남구|20250829|06,주유소,23.585799185069877,7.065971066946168,23.585799185069877,,1,1,-16.51982811812371
heatwave,train,heatwave|서울 강남구|20250829|06,주차장,23.96269883290265,7.842200729250291,23.96269883290265,,1,1,-16.12049810365236
heatwave,train,heatwave|서울 강남구|20250829|06,중고품판매점,-43.27410121789571,-12.9531108567728,-43.27410121789571,,1,1,30.32099036112291
heatwave,train,heatwave|서울 강남구|20250829|06,중식,16.73181473191137,7.065971066946168,16.73181473191137,,1,1,-9.665843664965202
heatwave,train,heatwave|서울 강남구|20250829|06,체인점,43.67024276102504,0.0625644250426875,43.67024276102504,,1,1,-43.60767833598235
heatwave,train,heatwave|서울 강남구|20250829|06,치과병원,28.6212712974652,7.065971066946168,28.6212712974652,,1,1,-21.55530023051903
heatwave,train,heatwave|서울 강남구|20250829|06,커피전문점,19.91062960399412,4.830055351447466,19.91062960399412,,1,1,-15.080574252546654
heatwave,train,heatwave|서울 강남구|20250829|06,컴퓨터/소프트웨어,-2.2748284173119675,4.241633038739187,-2.2748284173119675,,1,1,6.516461456051155
heatwave,train,heatwave|서울 강남구|20250829|06,택시,-39.41890019050045,-15.232745120886422,-39.41890019050045,,1,1,24.18615506961403
heatwave,train,heatwave|서울 강남구|20250829|06,"통신요금(이동,시내전화)",-7.867093033440832,7.065971066946168,-7.867093033440832,,1,1,14.933064100387
heatwave,train,heatwave|서울 강남구|20250829|06,패션잡화,89.21481303095628,11.994646888333584,89.21481303095628,,1,1,-77.2201661426227
heatwave,train,heatwave|서울 강남구|20250829|06,패스트푸드,14.011771481205136,7.473805281030503,14.011771481205136,,1,1,-6.537966200174632
heatwave,train,heatwave|서울 강남구|20250829|06,편의점,14.511409581199043,4.830055351447466,14.511409581199043,,1,1,-9.681354229751577
heatwave,train,heatwave|서울 강남구|20250829|06,학원/학습지,40.26807361274313,17.39628777444259,40.26807361274313,,1,1,-22.87178583830054
heatwave,train,heatwave|서울 강남구|20250829|06,한식,17.093890774195167,4.241633038739187,17.093890774195167,,1,1,-12.852257735455979
heatwave,train,heatwave|서울 강남구|20250829|06,한의원,19.8570558582128,7.065971066946168,19.8570558582128,,1,1,-12.79108479126663
heatwave,train,heatwave|서울 강남구|20250829|06,할인점/슈퍼마켓/양판점,-5.432970470418975,4.241633038739187,-5.432970470418975,,1,1,9.674603509158162
heatwave,train,heatwave|서울 강남구|20250829|06,헬스장,39.91547767471357,15.143661764146607,39.91547767471357,,1,1,-24.771815910566964
heatwave,train,heatwave|서울 강남구|20250829|06,호텔/콘도,49.66403566444015,7.065971066946168,49.66403566444015,,1,1,-42.59806459749398
heatwave,train,heatwave|서울 강남구|20250829|06,화원,117.66014131982382,-0.0104554074617755,117.66014131982382,,1,1,-117.6705967272856
heatwave,train,heatwave|서울 강남구|20250829|06,화장품,124.21213086066112,7.065971066946168,124.21213086066112,,1,1,-117.14615979371496
heatwave,train,heatwave|서울 강남구|20250829|06,회계/변리서비스,-33.24152041714275,7.842200729250291,-33.24152041714275,,1,1,41.083721146393046
heatwave,validation,heatwave|강원 춘천시|20250701|01,LPG가스,-16.24252021529638,2.08043468962845,-16.24252021529638,,1,1,18.32295490492483
heatwave,validation,heatwave|강원 춘천시|20250701|01,ZZ_나머지,-43.95394040479074,-34.50924710149996,-43.95394040479074,,1,1,9.444693303290784
heatwave,validation,heatwave|강원 춘천시|20250701|01,가구,-68.61179975314245,2.08043468962845,-68.61179975314245,,1,1,70.6922344427709
heatwave,validation,heatwave|강원 춘천시|20250701|01,가전,70.78042865471662,2.08043468962845,70.78042865471662,,1,1,-68.69999396508817
heatwave,validation,heatwave|강원 춘천시|20250701|01,게임방/오락실,-21.29583437604517,2.08043468962845,-21.29583437604517,,1,1,23.376269065673622
heatwave,validation,heatwave|강원 춘천시|20250701|01,고속버스/철도/여객선,-69.91961053133959,2.08043468962845,-69.91961053133959,,1,1,72.00004522096803
heatwave,validation,heatwave|강원 춘천시|20250701|01,기타식품,-16.52762668091773,2.08043468962845,-16.52762668091773,,1,1,18.60806137054618
heatwave,validation,heatwave|강원 춘천시|20250701|01,기타요식,-9.093336730654768,2.08043468962845,-9.093336730654768,,1,1,11.173771420283217
heatwave,validation,heatwave|강원 춘천시|20250701|01,기타유통,122.48221284981912,2.08043468962845,122.48221284981912,,1,1,-120.40177816019067
heatwave,validation,heatwave|강원 춘천시|20250701|01,기타의료,0.1839352570977599,2.08043468962845,0.1839352570977599,,1,1,1.8964994325306899
heatwave,validation,heatwave|강원 춘천시|20250701|01,노래방,-15.060634341605788,2.08043468962845,-15.060634341605788,,1,1,17.141069031234238
heatwave,validation,heatwave|강원 춘천시|20250701|01,농수산물,10.62891028056622,2.08043468962845,10.62891028056622,,1,1,-8.54847559093777
heatwave,validation,heatwave|강원 춘천시|20250701|01,독서실,325.43114261808006,2.67502773049508,325.43114261808006,,1,1,-322.756114887585
heatwave,validation,heatwave|강원 춘천시|20250701|01,동물병원,-15.688149912771516,2.08043468962845,-15.688149912771516,,1,1,17.768584602399965
heatwave,validation,heatwave|강원 춘천시|20250701|01,"모텔,여관,기타숙박",-42.71331726125511,2.08043468962845,-42.71331726125511,,1,1,44.79375195088356
heatwave,validation,heatwave|강원 춘천시|20250701|01,문화용품,-89.11454825258551,2.08043468962845,-89.11454825258551,,1,1,91.19498294221395
heatwave,validation,heatwave|강원 춘천시|20250701|01,미용서비스,-54.456377283006056,2.08043468962845,-54.456377283006056,,1,1,56.5368119726345
heatwave,validation,heatwave|강원 춘천시|20250701|01,미용실,-22.67784824004203,2.08043468962845,-22.67784824004203,,1,1,24.758282929670482
heatwave,validation,heatwave|강원 춘천시|20250701|01,방문판매/다단계판매,400.6238825461284,8.928281544893519,400.6238825461284,,1,1,-391.6956010012349
heatwave,validation,heatwave|강원 춘천시|20250701|01,보건소,-39.48654282578826,2.08043468962845,-39.48654282578826,,1,1,41.56697751541671
heatwave,validation,heatwave|강원 춘천시|20250701|01,사무기기/문구용품,-3.618392950244969,2.08043468962845,-3.618392950244969,,1,1,5.698827639873419
heatwave,validation,heatwave|강원 춘천시|20250701|01,상품권/복권,-46.11236731934936,-48.11220029962883,-46.11236731934936,,1,1,-1.9998329802794714
heatwave,validation,heatwave|강원 춘천시|20250701|01,생활잡화/수입상품점,-17.260359256695374,2.08043468962845,-17.260359256695374,,1,1,19.340793946323824
heatwave,validation,heatwave|강원 춘천시|20250701|01,서점,-27.808268483603364,2.08043468962845,-27.808268483603364,,1,1,29.888703173231814
heatwave,validation,heatwave|강원 춘천시|20250701|01,세탁소,-26.07610408176144,2.08043468962845,-26.07610408176144,,1,1,28.15653877138989
heatwave,validation,heatwave|강원 춘천시|20250701|01,수제용품점,-63.780441043139845,2.08043468962845,-63.780441043139845,,1,1,65.86087573276829
heatwave,validation,heatwave|강원 춘천시|20250701|01,스포츠/레저용품,-21.12761140011288,0.788650315760201,-21.12761140011288,,1,1,21.91626171587308
heatwave,validation,heatwave|강원 춘천시|20250701|01,스포츠시설,21.86693622812914,10.895036661221384,21.86693622812914,,1,1,-10.971899566907757
heatwave,validation,heatwave|강원 춘천시|20250701|01,시계/귀금속,-45.05749846155094,2.08043468962845,-45.05749846155094,,1,1,47.13793315117939
heatwave,validation,heatwave|강원 춘천시|20250701|01,실내/실외골프장,-25.922488558294027,-7.907337405333466,-25.922488558294027,,1,1,18.015151152960563
heatwave,validation,heatwave|강원 춘천시|20250701|01,싸우나/목욕탕,-30.341764121848964,2.08043468962845,-30.341764121848964,,1,1,32.422198811477415
heatwave,validation,heatwave|강원 춘천시|20250701|01,악기/음반,402.22272871952856,2.08043468962845,402.22272871952856,,1,1,-400.1422940299001
heatwave,validation,heatwave|강원 춘천시|20250701|01,안마/마사지,37.231099229334056,2.08043468962845,37.231099229334056,,1,1,-35.15066453970561
heatwave,validation,heatwave|강원 춘천시|20250701|01,애완동물,-45.1930439092706,2.08043468962845,-45.1930439092706,,1,1,47.27347859889905
heatwave,validation,heatwave|강원 춘천시|20250701|01,약국,16.82537727847781,2.08043468962845,16.82537727847781,,1,1,-14.744942588849359
heatwave,validation,heatwave|강원 춘천시|20250701|01,양식,-29.692337259460203,2.08043468962845,-29.692337259460203,,1,1,31.772771949088654
heatwave,validation,heatwave|강원 춘천시|20250701|01,연구/번역서비스,103.53073945884992,2.08043468962845,103.53073945884992,,1,1,-101.45030476922147
heatwave,validation,heatwave|강원 춘천시|20250701|01,영화/공연,-22.61396789996647,2.08043468962845,-22.61396789996647,,1,1,24.694402589594922
heatwave,validation,heatwave|강원 춘천시|20250701|01,예식장/결혼서비스,-51.40372428535596,-27.962444647285604,-51.40372428535596,,1,1,23.44127963807036
heatwave,validation,heatwave|강원 춘천시|20250701|01,오토바이,-98.42331102894607,2.479350650139596,-98.42331102894607,,1,1,100.90266167908567
heatwave,validation,heatwave|강원 춘천시|20250701|01,완구/아동용자전거,-29.86913242158617,2.08043468962845,-29.86913242158617,,1,1,31.94956711121462
heatwave,validation,heatwave|강원 춘천시|20250701|01,유치원,-78.00833326273876,-24.33698772076469,-78.00833326273876,,1,1,53.67134554197407
heatwave,validation,heatwave|강원 춘천시|20250701|01,유흥업소,-42.06013522704843,2.08043468962845,-42.06013522704843,,1,1,44.140569916676874
heatwave,validation,heatwave|강원 춘천시|20250701|01,의복/의류,-7.008351507802164,2.08043468962845,-7.008351507802164,,1,1,9.088786197430615
heatwave,validation,heatwave|강원 춘천시|20250701|01,인테리어/건축자재/주방기구,77.486473098909,2.08043468962845,77.486473098909,,1,1,-75.40603840928055
heatwave,validation,heatwave|강원 춘천시|20250701|01,일반병원,21.620086491974853,2.08043468962845,21.620086491974853,,1,1,-19.539651802346402
heatwave,validation,heatwave|강원 춘천시|20250701|01,일식,-0.5728051458718577,2.08043468962845,-0.5728051458718577,,1,1,2.6532398355003073
heatwave,validation,heatwave|강원 춘천시|20250701|01,자동차서비스,8.600092725505977,-0.8965203540574376,8.600092725505977,,1,1,-9.496613079563415
heatwave,validation,heatwave|강원 춘천시|20250701|01,자동차용품,32.636981418063925,2.08043468962845,32.636981418063925,,1,1,-30.556546728435475
heatwave,validation,heatwave|강원 춘천시|20250701|01,장례식장/묘지/장의사,-99.23362087786332,2.08043468962845,-99.23362087786332,,1,1,101.31405556749176
heatwave,validation,heatwave|강원 춘천시|20250701|01,전용매장,-19.60569290204728,2.08043468962845,-19.60569290204728,,1,1,21.68612759167573
heatwave,validation,heatwave|강원 춘천시|20250701|01,정육점,-24.612956440891825,2.08043468962845,-24.612956440891825,,1,1,26.693391130520276
heatwave,validation,heatwave|강원 춘천시|20250701|01,제과점,-11.17625421572229,2.08043468962845,-11.17625421572229,,1,1,13.256688905350739
heatwave,validation,heatwave|강원 춘천시|20250701|01,종합레저타운/놀이동산,-82.17892766259932,2.08043468962845,-82.17892766259932,,1,1,84.25936235222777
heatwave,validation,heatwave|강원 춘천시|20250701|01,종합병원,78.62929198303489,2.08043468962845,78.62929198303489,,1,1,-76.54885729340644
heatwave,validation,heatwave|강원 춘천시|20250701|01,주류판매,129.06335812102057,2.08043468962845,129.06335812102057,,1,1,-126.98292343139212
heatwave,validation,heatwave|강원 춘천시|20250701|01,주유소,19.906981478699947,2.08043468962845,19.906981478699947,,1,1,-17.826546789071497
heatwave,validation,heatwave|강원 춘천시|20250701|01,주차장,-56.70238998562205,2.08043468962845,-56.70238998562205,,1,1,58.782824675250495
heatwave,validation,heatwave|강원 춘천시|20250701|01,중고품판매점,-17.046795095314405,2.08043468962845,-17.046795095314405,,1,1,19.127229784942855
heatwave,validation,heatwave|강원 춘천시|20250701|01,중식,-0.2049569418935001,2.08043468962845,-0.2049569418935001,,1,1,2.28539163152195
heatwave,validation,heatwave|강원 춘천시|20250701|01,체인점,6.686885367125314,23.201293508272368,6.686885367125314,,1,1,16.514408141147054
heatwave,validation,heatwave|강원 춘천시|20250701|01,치과병원,55.44342367860968,2.08043468962845,55.44342367860968,,1,1,-53.362988988981236
heatwave,validation,heatwave|강원 춘천시|20250701|01,커피전문점,5.693575290120489,2.08043468962845,5.693575290120489,,1,1,-3.613140600492039
heatwave,validation,heatwave|강원 춘천시|20250701|01,컴퓨터/소프트웨어,154.76857953942593,2.08043468962845,154.76857953942593,,1,1,-152.68814484979748
heatwave,validation,heatwave|강원 춘천시|20250701|01,택시,32.213994918846915,2.08043468962845,32.213994918846915,,1,1,-30.133560229218464
heatwave,validation,heatwave|강원 춘천시|20250701|01,패션잡화,-7.547450423173666,7.009110511015869,-7.547450423173666,,1,1,14.556560934189536
heatwave,validation,heatwave|강원 춘천시|20250701|01,패스트푸드,-24.65082348666999,2.08043468962845,-24.65082348666999,,1,1,26.73125817629844
heatwave,validation,heatwave|강원 춘천시|20250701|01,편의점,-10.120702559378032,2.08043468962845,-10.120702559378032,,1,1,12.201137249006482
heatwave,validation,heatwave|강원 춘천시|20250701|01,학원/학습지,194.49983740281212,1.5674109736839923,194.49983740281212,,1,1,-192.93242642912813
heatwave,validation,heatwave|강원 춘천시|20250701|01,한식,-7.662826949863921,2.08043468962845,-7.662826949863921,,1,1,9.74326163949237
heatwave,validation,heatwave|강원 춘천시|20250701|01,한의원,44.29800192906647,2.08043468962845,44.29800192906647,,1,1,-42.217567239438026
heatwave,validation,heatwave|강원 춘천시|20250701|01,할인점/슈퍼마켓/양판점,-8.887387230874884,2.08043468962845,-8.887387230874884,,1,1,10.967821920503333
heatwave,validation,heatwave|강원 춘천시|20250701|01,헬스장,132.52274441706135,11.287012809624636,132.52274441706135,,1,1,-121.2357316074367
heatwave,validation,heatwave|강원 춘천시|20250701|01,호텔/콘도,-87.57220676090387,2.08043468962845,-87.57220676090387,,1,1,89.65264145053231
heatwave,validation,heatwave|강원 춘천시|20250701|01,화원,79.33061387632232,2.08043468962845,79.33061387632232,,1,1,-77.25017918669387
heatwave,validation,heatwave|강원 춘천시|20250701|01,화장품,4.936527441365871,2.08043468962845,4.936527441365871,,1,1,-2.856092751737421
heatwave,validation,heatwave|강원 춘천시|20250701|01,회계/변리서비스,-55.73884461877268,2.08043468962845,-55.73884461877268,,1,1,57.81927930840113
heatwave,validation,heatwave|강원 춘천시|20250707|02,LPG가스,-2.49545500268635,9.789672976041095,-16.756770460052465,26.393573203651396,3,3,12.285127978727445
heatwave,validation,heatwave|강원 춘천시|20250707|02,ZZ_나머지,-79.61261181817737,-13.345016449961463,-80.68170792018394,5.524445935163721,3,3,66.26759536821591
heatwave,validation,heatwave|강원 춘천시|20250707|02,가구,-30.446479024094156,-7.102685203873864,-9.015903791211851,48.74427715222301,3,3,23.34379382022029
heatwave,validation,heatwave|강원 춘천시|20250707|02,가전,-0.08542407154993607,-2.6732327137961795,-7.308229042477901,40.765879656161246,3,3,-2.5878086422462436
heatwave,validation,heatwave|강원 춘천시|20250707|02,게임방/오락실,-20.349396052806348,-3.2681470651692233,-20.68620371599184,3.76485932776818,3,3,17.081248987637125
heatwave,validation,heatwave|강원 춘천시|20250707|02,고속버스/철도/여객선,-82.104941771213,-14.278923336268731,-85.56207650754952,6.7286557626056736,3,3,67.82601843494427
heatwave,validation,heatwave|강원 춘천시|20250707|02,기타식품,-16.862888247702482,8.954326968733398,-12.945285236765404,10.377158410040021,3,3,25.81721521643588
heatwave,validation,heatwave|강원 춘천시|20250707|02,기타요식,-15.915978384026653,8.682437492677174,-16.81324199642447,5.872024286001021,3,3,24.598415876703825
heatwave,validation,heatwave|강원 춘천시|20250707|02,기타유통,14.16966397736095,6.1201455392281465,22.089912583339164,42.528713243896625,3,3,-8.049518438132804
heatwave,validation,heatwave|강원 춘천시|20250707|02,기타의료,7.8226372804056465,2.0744896596601894,3.005114667499149,19.276288879793988,3,3,-5.748147620745457
heatwave,validation,heatwave|강원 춘천시|20250707|02,노래방,-23.809643360676578,-1.2704271866761945,-25.72180594081682,11.081982559705775,3,3,22.539216174000384
heatwave,validation,heatwave|강원 춘천시|20250707|02,농수산물,-17.902065079000916,5.881752483263337,-30.59474330683983,30.84294306439687,3,3,23.783817562264254
heatwave,validation,heatwave|강원 춘천시|20250707|02,독서실,-39.245079250361265,-4.443859259069417,-27.435825041645995,24.425911228167664,3,3,34.801219991291845
heatwave,validation,heatwave|강원 춘천시|20250707|02,동물병원,64.1074505131565,-0.13454218513266683,63.46474798438952,45.70301581391381,3,3,-64.24199269828917
heatwave,validation,heatwave|강원 춘천시|20250707|02,"모텔,여관,기타숙박",-13.606819710291122,2.4348584295276576,-14.099132294193552,1.8884824559969287,3,3,16.041678139818778
heatwave,validation,heatwave|강원 춘천시|20250707|02,문화용품,-69.52190284588528,-8.340698769917678,-83.02774826483781,24.263233112227248,3,3,61.1812040759676
heatwave,validation,heatwave|강원 춘천시|20250707|02,미용서비스,-18.148956747730953,-4.135491913024887,-2.675629589804861,45.52479449532228,3,3,14.013464834706067
heatwave,validation,heatwave|강원 춘천시|20250707|02,미용실,-20.81052365342188,6.617205737995274,-19.63900455705126,6.606022066337336,3,3,27.427729391417152
heatwave,validation,heatwave|강원 춘천시|20250707|02,방문판매/다단계판매,150.2234892273644,3.8482399437837063,0.0893944533782313,294.8463709586491,3,3,-146.3752492835807
heatwave,validation,heatwave|강원 춘천시|20250707|02,보건소,-26.15347227755906,-20.214976660589226,-26.324797971208376,34.5296613100027,3,3,5.938495616969835
heatwave,validation,heatwave|강원 춘천시|20250707|02,사무기기/문구용품,12.400974468799928,-0.13454218513266683,8.926072410362698,25.97782372879309,3,3,-12.535516653932595
heatwave,validation,heatwave|강원 춘천시|20250707|02,상품권/복권,-86.38338958931767,-45.41143035394148,-92.79564857784642,14.1041133205779,3,3,40.97195923537619
heatwave,validation,heatwave|강원 춘천시|20250707|02,생활잡화/수입상품점,-21.452058377235804,4.283521504453046,-14.32796551934685,15.127355209745888,3,3,25.73557988168885
heatwave,validation,heatwave|강원 춘천시|20250707|02,서점,-23.011007851573567,-1.701344625150945,-16.469765396484974,18.594394656815478,3,3,21.30966322642262
heatwave,validation,heatwave|강원 춘천시|20250707|02,세탁소,-11.572127576341451,-2.173387573587355,-20.07992244899699,22.804115183594508,3,3,9.398740002754096
heatwave,validation,heatwave|강원 춘천시|20250707|02,수제용품점,-46.519168747386956,-16.030718023598443,-46.519168747386956,41.590785419803424,2,2,30.488450723788514
heatwave,validation,heatwave|강원 춘천시|20250707|02,스포츠/레저용품,-38.520517849474274,8.226841221726175,-40.38516983481856,11.16189686603521,3,3,46.74735907120045
heatwave,validation,heatwave|강원 춘천시|20250707|02,스포츠시설,-31.608862067661516,21.17430422261975,-33.15098616169615,7.11223411245784,3,3,52.783166290281265
heatwave,validation,heatwave|강원 춘천시|20250707|02,시계/귀금속,-52.885616479639225,-5.038452299936047,-73.31219484261814,40.75588689748397,3,3,47.84716417970318
heatwave,validation,heatwave|강원 춘천시|20250707|02,실내/실외골프장,-14.734466360724108,-1.6381908388147715,-9.332420474041308,9.56043567263696,3,3,13.096275521909336
heatwave,validation,heatwave|강원 춘천시|20250707|02,싸우나/목욕탕,-38.151407805066505,-5.864671637830052,-37.571073637129366,11.69753852573116,3,3,32.286736167236455
heatwave,validation,heatwave|강원 춘천시|20250707|02,악기/음반,-6.283341001895734,-10.988657669331005,-23.135277305284344,55.88560689100642,3,3,-4.70531666743527
heatwave,validation,heatwave|강원 춘천시|20250707|02,안마/마사지,-50.03834708754626,-4.566409351499638,-63.25984149527565,28.209101875068065,3,3,45.47193773604663
heatwave,validation,heatwave|강원 춘천시|20250707|02,애완동물,76.59461867691093,-4.566409351499638,-15.125047309963923,168.4330595127307,3,3,-81.16102802841057
heatwave,validation,heatwave|강원 춘천시|20250707|02,약국,20.919653517549374,9.789672976041095,21.339403700030505,16.709626314567178,3,3,-11.12998054150828
heatwave,validation,heatwave|강원 춘천시|20250707|02,양식,-20.846031563835083,5.368140110904828,-29.46930698819057,15.44611251043513,3,3,26.214171674739912
heatwave,validation,heatwave|강원 춘천시|20250707|02,여행사/항공사,-14.843385288702446,6.159468207312985,-14.843385288702446,,1,1,21.002853496015433
heatwave,validation,heatwave|강원 춘천시|20250707|02,연구/번역서비스,72.02152133100591,2.0744896596601894,59.70612602144456,24.253564274262356,3,3,-69.94703167134573
heatwave,validation,heatwave|강원 춘천시|20250707|02,영화/공연,-7.122539107541375,-5.864671637830052,-7.826234263658504,8.253959318305897,3,3,1.2578674697113224
heatwave,validation,heatwave|강원 춘천시|20250707|02,예식장/결혼서비스,-73.20245755975532,-41.95747766679707,-79.806522453616,14.588474594603726,3,3,31.24497989295825
heatwave,validation,heatwave|강원 춘천시|20250707|02,오토바이,26.03557511595226,-26.08767364178893,-82.2780530216847,189.30039046972703,3,3,-52.12324875774119
heatwave,validation,heatwave|강원 춘천시|20250707|02,완구/아동용자전거,-39.901467497689744,-5.864671637830052,-41.35573327093532,13.7558415662266,3,3,34.036795859859694
heatwave,validation,heatwave|강원 춘천시|20250707|02,유치원,-84.8180848815576,-24.76532409231287,-82.07540570774798,5.242262234610511,3,3,60.05276078924473
heatwave,validation,heatwave|강원 춘천시|20250707|02,유흥업소,-31.39607094789494,-0.13454218513266683,-33.16841493109023,11.744603487963369,3,3,31.261528762762275
heatwave,validation,heatwave|강원 춘천시|20250707|02,의복/의류,-26.119056336036966,6.617205737995274,-20.633996703404925,15.448476744300544,3,3,32.73626207403224
heatwave,validation,heatwave|강원 춘천시|20250707|02,인테리어/건축자재/주방기구,18.641653313493418,9.518625595594424,12.472629245965653,13.079117015136886,3,3,-9.123027717898994
heatwave,validation,heatwave|강원 춘천시|20250707|02,일반병원,33.23441650915094,8.682437492677174,40.17832206468505,15.836871645635426,3,3,-24.551979016473766
heatwave,validation,heatwave|강원 춘천시|20250707|02,일식,-6.442460192819632,5.881752483263337,-8.124751901718058,5.390275596238468,3,3,12.324212676082968
heatwave,validation,heatwave|강원 춘천시|20250707|02,자동차서비스,23.590952375926122,12.050725338972759,20.499683796442653,20.09504102519365,3,3,-11.540227036953363
heatwave,validation,heatwave|강원 춘천시|20250707|02,자동차용품,2.986484354646881,9.518625595594424,-6.239302728409305,49.45945404495409,3,3,6.532141240947542
heatwave,validation,heatwave|강원 춘천시|20250707|02,장례식장/묘지/장의사,23.576218300734098,-20.214976660589226,50.82595394394692,102.73419783330603,3,3,-43.79119496132333
heatwave,validation,heatwave|강원 춘천시|20250707|02,전용매장,-32.55114648393461,-13.360127947017839,-56.72889111038,64.85503012205575,3,3,19.191018536916772
heatwave,validation,heatwave|강원 춘천시|20250707|02,정육점,-36.14653907727177,5.368140110904828,-39.15464599500554,8.784849265081354,3,3,41.51467918817659
heatwave,validation,heatwave|강원 춘천시|20250707|02,제과점,-30.023861149546608,4.283521504453046,-29.02554664094042,4.031919682440211,3,3,34.30738265399965
heatwave,validation,heatwave|강원 춘천시|20250707|02,종합레저타운/놀이동산,-53.078812793548984,-5.038452299936047,-54.828221828800174,8.134362159166962,3,3,48.04036049361294
heatwave,validation,heatwave|강원 춘천시|20250707|02,종합병원,49.26186610705195,10.060720356487762,50.956910080602505,7.020134569744317,3,3,-39.20114575056419
heatwave,validation,heatwave|강원 춘천시|20250707|02,주류판매,-87.0119131020414,-19.755448010687346,-87.0119131020414,5.372579658443862,2,2,67.25646509135406
heatwave,validation,heatwave|강원 춘천시|20250707|02,주유소,0.9036320035772548,8.682437492677174,0.944227221256352,0.28263620554678204,3,3,7.778805489099919
heatwave,validation,heatwave|강원 춘천시|20250707|02,주차장,-6.849147389098686,-8.340698769917678,-21.16588562466806,48.685494770893264,3,3,-1.4915513808189917
heatwave,validation,heatwave|강원 춘천시|20250707|02,중고품판매점,-2.182602761836037,-7.102685203873864,-40.43480970137383,104.75479375754551,3,3,-4.920082442037827
heatwave,validation,heatwave|강원 춘천시|20250707|02,중식,-21.032293806580068,9.518625595594424,-16.718017503785365,9.352269301360437,3,3,30.550919402174493
heatwave,validation,heatwave|강원 춘천시|20250707|02,체인점,21.828851899541434,-4.739050644466865,49.54001184394272,99.66218437681009,3,3,-26.567902544008298
heatwave,validation,heatwave|강원 춘천시|20250707|02,치과병원,15.56569716988347,9.789672976041095,20.62219211851277,38.07673058543608,3,3,-5.776024193842375
heatwave,validation,heatwave|강원 춘천시|20250707|02,커피전문점,4.748725976970669,7.479983462073629,2.712571263074414,6.4110076464356265,3,3,2.73125748510296
heatwave,validation,heatwave|강원 춘천시|20250707|02,컴퓨터/소프트웨어,-19.83794674876813,2.0744896596601894,-25.23736891016858,67.69681214329911,3,3,21.91243640842832
heatwave,validation,heatwave|강원 춘천시|20250707|02,택시,69.25679787693433,2.4348584295276576,67.97829893571806,55.73353014842358,3,3,-66.82193944740668
heatwave,validation,heatwave|강원 춘천시|20250707|02,패션잡화,-23.09796290413593,11.73484559147173,-20.80479821598352,22.613317067389385,3,3,34.83280849560766
heatwave,validation,heatwave|강원 춘천시|20250707|02,패스트푸드,-19.769217893926584,2.4348584295276576,-20.244194105835657,2.729151214713094,3,3,22.20407632345424
heatwave,validation,heatwave|강원 춘천시|20250707|02,편의점,-6.896925375381339,8.682437492677174,-6.618670218028218,1.2084693581732084,3,3,15.579362868058514
heatwave,validation,heatwave|강원 춘천시|20250707|02,학원/학습지,91.08144946138601,17.885252800927457,103.53858432805649,42.35186655256213,3,3,-73.19619666045855
heatwave,validation,heatwave|강원 춘천시|20250707|02,한식,-16.214639978095647,8.041398066467528,-16.449205717805526,2.196762506308609,3,3,24.256038044563176
heatwave,validation,heatwave|강원 춘천시|20250707|02,한의원,16.05985076011722,-1.3409758552834765,26.12365626190095,17.893520411144763,3,3,-17.4008266154007
heatwave,validation,heatwave|강원 춘천시|20250707|02,할인점/슈퍼마켓/양판점,-10.776874848635432,8.041398066467528,-9.438507850921594,2.6449444413112086,3,3,18.81827291510296
heatwave,validation,heatwave|강원 춘천시|20250707|02,헬스장,83.88867541502009,16.063382853675957,71.41827834371152,43.22395501604837,3,3,-67.82529256134413
heatwave,validation,heatwave|강원 춘천시|20250707|02,호텔/콘도,-26.123052690496277,-5.864671637830052,-14.494878136676688,30.97950058335469,3,3,20.258381052666223
heatwave,validation,heatwave|강원 춘천시|20250707|02,화원,2.649807716241341,-1.701344625150945,12.170640189508385,46.83668250384382,3,3,-4.351152341392286
heatwave,validation,heatwave|강원 춘천시|20250707|02,화장품,-4.94025788971142,-2.837229626694473,-14.997077344191416,26.12242238790613,3,3,2.103028263016947
heatwave,validation,heatwave|강원 춘천시|20250707|02,회계/변리서비스,104.58638285450536,-10.071797487049391,82.30564950122935,189.39775749146204,3,3,-114.65818034155475
heatwave,validation,heatwave|서울 강남구|20250701|01,LPG가스,10.837113569799657,5.70796180543703,10.837113569799657,,1,1,-5.129151764362627
heatwave,validation,heatwave|서울 강남구|20250701|01,ZZ_나머지,-24.74087082730243,-22.56067240708114,-24.74087082730243,,1,1,2.1801984202212914
heatwave,validation,heatwave|서울 강남구|20250701|01,가구,-1.640723986913901,5.70796180543703,-1.640723986913901,,1,1,7.348685792350931
heatwave,validation,heatwave|서울 강남구|20250701|01,가전,50.34227323788824,5.70796180543703,50.34227323788824,,1,1,-44.63431143245121
heatwave,validation,heatwave|서울 강남구|20250701|01,게임방/오락실,-16.363901245978443,5.70796180543703,-16.363901245978443,,1,1,22.071863051415473
heatwave,validation,heatwave|서울 강남구|20250701|01,결제대행(PG),81.32090128028396,5.70796180543703,81.32090128028396,,1,1,-75.61293947484694
heatwave,validation,heatwave|서울 강남구|20250701|01,고속버스/철도/여객선,13.321446485554512,5.70796180543703,13.321446485554512,,1,1,-7.613484680117482
heatwave,validation,heatwave|서울 강남구|20250701|01,기타식품,23.51573769520129,5.70796180543703,23.51573769520129,,1,1,-17.80777588976426
heatwave,validation,heatwave|서울 강남구|20250701|01,기타요식,4.1886220755837416,5.70796180543703,4.1886220755837416,,1,1,1.5193397298532885
heatwave,validation,heatwave|서울 강남구|20250701|01,기타유통,61.83083187453086,5.70796180543703,61.83083187453086,,1,1,-56.12287006909383
heatwave,validation,heatwave|서울 강남구|20250701|01,기타의료,5.520134028536131,5.70796180543703,5.520134028536131,,1,1,0.1878277769008987
heatwave,validation,heatwave|서울 강남구|20250701|01,노래방,2.7514963155621928,5.70796180543703,2.7514963155621928,,1,1,2.9564654898748373
heatwave,validation,heatwave|서울 강남구|20250701|01,농수산물,-16.9627377157389,5.70796180543703,-16.9627377157389,,1,1,22.67069952117593
heatwave,validation,heatwave|서울 강남구|20250701|01,독서실,21.01860668426165,6.302554846303661,21.01860668426165,,1,1,-14.716051837957988
heatwave,validation,heatwave|서울 강남구|20250701|01,동물병원,28.870994429721986,5.70796180543703,28.870994429721986,,1,1,-23.163032624284956
heatwave,validation,heatwave|서울 강남구|20250701|01,면세점,-93.18086414613396,5.70796180543703,-93.18086414613396,,1,1,98.888825951571
heatwave,validation,heatwave|서울 강남구|20250701|01,"모텔,여관,기타숙박",11.709779994922224,5.70796180543703,11.709779994922224,,1,1,-6.001818189485194
heatwave,validation,heatwave|서울 강남구|20250701|01,문화용품,17.247445966044857,5.70796180543703,17.247445966044857,,1,1,-11.539484160607827
heatwave,validation,heatwave|서울 강남구|20250701|01,미용서비스,-20.44425885568361,5.70796180543703,-20.44425885568361,,1,1,26.15222066112064
heatwave,validation,heatwave|서울 강남구|20250701|01,미용실,40.717592425807645,5.70796180543703,40.717592425807645,,1,1,-35.009630620370615
heatwave,validation,heatwave|서울 강남구|20250701|01,방문판매/다단계판매,32.346928256588654,12.555808660702102,32.346928256588654,,1,1,-19.791119595886553
heatwave,validation,heatwave|서울 강남구|20250701|01,백화점,-32.38602021455812,1.986481272624003,-32.38602021455812,,1,1,34.37250148718213
heatwave,validation,heatwave|서울 강남구|20250701|01,법률/사무서비스,51.05781821817147,5.70796180543703,51.05781821817147,,1,1,-45.34985641273444
heatwave,validation,heatwave|서울 강남구|20250701|01,보건소,35.621822399542815,5.70796180543703,35.621822399542815,,1,1,-29.913860594105785
heatwave,validation,heatwave|서울 강남구|20250701|01,보험,-40.52277911639484,5.70796180543703,-40.52277911639484,,1,1,46.23074092183187
heatwave,validation,heatwave|서울 강남구|20250701|01,부동산중개,282.4676784206556,5.70796180543703,282.4676784206556,,1,1,-276.75971661521857
heatwave,validation,heatwave|서울 강남구|20250701|01,사무기기/문구용품,16.322881515477558,5.70796180543703,16.322881515477558,,1,1,-10.614919710040528
heatwave,validation,heatwave|서울 강남구|20250701|01,상품권/복권,-16.16380126783739,-44.48467318382025,-16.16380126783739,,1,1,-28.32087191598286
heatwave,validation,heatwave|서울 강남구|20250701|01,생활잡화/수입상품점,6.500564739243039,5.70796180543703,6.500564739243039,,1,1,-0.792602933806009
heatwave,validation,heatwave|서울 강남구|20250701|01,서점,22.04525725953919,5.70796180543703,22.04525725953919,,1,1,-16.33729545410216
heatwave,validation,heatwave|서울 강남구|20250701|01,세탁소,7.629251859677141,5.70796180543703,7.629251859677141,,1,1,-1.921290054240111
heatwave,validation,heatwave|서울 강남구|20250701|01,쇼핑몰,21.100766288147984,5.70796180543703,21.100766288147984,,1,1,-15.392804482710954
heatwave,validation,heatwave|서울 강남구|20250701|01,수입자동차,-55.13448599675454,5.70796180543703,-55.13448599675454,,1,1,60.84244780219157
heatwave,validation,heatwave|서울 강남구|20250701|01,수제용품점,254.68745384862277,5.70796180543703,254.68745384862277,,1,1,-248.97949204318573
heatwave,validation,heatwave|서울 강남구|20250701|01,스포츠/레저용품,4.397708031141785,4.416177431568782,4.397708031141785,,1,1,0.018469400426996962
heatwave,validation,heatwave|서울 강남구|20250701|01,스포츠시설,-12.078467148131056,14.522563777029957,-12.078467148131056,,1,1,26.601030925161012
heatwave,validation,heatwave|서울 강남구|20250701|01,시계/귀금속,-34.21344904669341,5.70796180543703,-34.21344904669341,,1,1,39.92141085213044
heatwave,validation,heatwave|서울 강남구|20250701|01,실내/실외골프장,-4.7910253873007465,-4.279810289524892,-4.7910253873007465,,1,1,0.511215097775854
heatwave,validation,heatwave|서울 강남구|20250701|01,싸우나/목욕탕,-19.567157168704707,5.70796180543703,-19.567157168704707,,1,1,25.275118974141737
heatwave,validation,heatwave|서울 강남구|20250701|01,악기/음반,-41.17195599857497,5.70796180543703,-41.17195599857497,,1,1,46.879917804012
heatwave,validation,heatwave|서울 강남구|20250701|01,안마/마사지,13.931589110232627,5.70796180543703,13.931589110232627,,1,1,-8.223627304795597
heatwave,validation,heatwave|서울 강남구|20250701|01,애완동물,-46.29562856209567,5.70796180543703,-46.29562856209567,,1,1,52.0035903675327
heatwave,validation,heatwave|서울 강남구|20250701|01,약국,23.13966748255205,5.70796180543703,23.13966748255205,,1,1,-17.43170567711502
heatwave,validation,heatwave|서울 강남구|20250701|01,양식,-30.37766971547446,5.70796180543703,-30.37766971547446,,1,1,36.08563152091149
heatwave,validation,heatwave|서울 강남구|20250701|01,여행사/항공사,61.82822956991284,5.70796180543703,61.82822956991284,,1,1,-56.12026776447581
heatwave,validation,heatwave|서울 강남구|20250701|01,연구/번역서비스,-9.71408499381931,5.70796180543703,-9.71408499381931,,1,1,15.42204679925634
heatwave,validation,heatwave|서울 강남구|20250701|01,영화/공연,-23.33991706826784,5.70796180543703,-23.33991706826784,,1,1,29.04787887370487
heatwave,validation,heatwave|서울 강남구|20250701|01,예식장/결혼서비스,-58.81869420781536,-24.334917531477014,-58.81869420781536,,1,1,34.48377667633835
heatwave,validation,heatwave|서울 강남구|20250701|01,오토바이,-2.047099615891412,6.106877765948175,-2.047099615891412,,1,1,8.153977381839587
heatwave,validation,heatwave|서울 강남구|20250701|01,완구/아동용자전거,-80.6958553090394,5.70796180543703,-80.6958553090394,,1,1,86.40381711447642
heatwave,validation,heatwave|서울 강남구|20250701|01,유치원,-61.33625829726119,-20.709460604956117,-61.33625829726119,,1,1,40.626797692305075
heatwave,validation,heatwave|서울 강남구|20250701|01,유흥업소,39.13856806691605,5.70796180543703,39.13856806691605,,1,1,-33.43060626147902
heatwave,validation,heatwave|서울 강남구|20250701|01,의복/의류,-19.59063291317821,5.70796180543703,-19.59063291317821,,1,1,25.29859471861524
heatwave,validation,heatwave|서울 강남구|20250701|01,인테리어/건축자재/주방기구,-15.86839125666267,5.70796180543703,-15.86839125666267,,1,1,21.5763530620997
heatwave,validation,heatwave|서울 강남구|20250701|01,일반병원,28.28260562121812,5.70796180543703,28.28260562121812,,1,1,-22.57464381578109
heatwave,validation,heatwave|서울 강남구|20250701|01,일식,16.22753093710181,5.70796180543703,16.22753093710181,,1,1,-10.519569131664781
heatwave,validation,heatwave|서울 강남구|20250701|01,자동차서비스,54.27807555095949,2.731006761751145,54.27807555095949,,1,1,-51.547068789208346
heatwave,validation,heatwave|서울 강남구|20250701|01,자동차용품,-14.67354426843803,5.70796180543703,-14.67354426843803,,1,1,20.38150607387506
heatwave,validation,heatwave|서울 강남구|20250701|01,장례식장/묘지/장의사,-44.28096298829883,5.70796180543703,-44.28096298829883,,1,1,49.98892479373586
heatwave,validation,heatwave|서울 강남구|20250701|01,전용매장,8.774555789183596,5.70796180543703,8.774555789183596,,1,1,-3.066593983746566
heatwave,validation,heatwave|서울 강남구|20250701|01,정육점,-9.30477759876666,5.70796180543703,-9.30477759876666,,1,1,15.01273940420369
heatwave,validation,heatwave|서울 강남구|20250701|01,제과점,-2.438268575878683,5.70796180543703,-2.438268575878683,,1,1,8.146230381315712
heatwave,validation,heatwave|서울 강남구|20250701|01,종합병원,19.248740914180285,5.70796180543703,19.248740914180285,,1,1,-13.540779108743255
heatwave,validation,heatwave|서울 강남구|20250701|01,주류판매,-19.40514450616256,5.70796180543703,-19.40514450616256,,1,1,25.11310631159959
heatwave,validation,heatwave|서울 강남구|20250701|01,주유소,-0.5481651716556439,5.70796180543703,-0.5481651716556439,,1,1,6.2561269770926735
heatwave,validation,heatwave|서울 강남구|20250701|01,주차장,33.74520294003435,5.70796180543703,33.74520294003435,,1,1,-28.037241134597323
heatwave,validation,heatwave|서울 강남구|20250701|01,중고품판매점,-23.3781107787599,5.70796180543703,-23.3781107787599,,1,1,29.08607258419693
heatwave,validation,heatwave|서울 강남구|20250701|01,중식,7.702082825055158,5.70796180543703,7.702082825055158,,1,1,-1.9941210196181283
heatwave,validation,heatwave|서울 강남구|20250701|01,체인점,2.887736268855388,26.828820624080944,2.887736268855388,,1,1,23.941084355225556
heatwave,validation,heatwave|서울 강남구|20250701|01,치과병원,49.109345673378975,5.70796180543703,49.109345673378975,,1,1,-43.401383867941945
heatwave,validation,heatwave|서울 강남구|20250701|01,커피전문점,11.073817269247742,5.70796180543703,11.073817269247742,,1,1,-5.365855463810712
heatwave,validation,heatwave|서울 강남구|20250701|01,컴퓨터/소프트웨어,37.38026806012358,5.70796180543703,37.38026806012358,,1,1,-31.672306254686553
heatwave,validation,heatwave|서울 강남구|20250701|01,택시,10.325082971935151,5.70796180543703,10.325082971935151,,1,1,-4.617121166498121
heatwave,validation,heatwave|서울 강남구|20250701|01,"통신요금(이동,시내전화)",18.978993663029534,5.70796180543703,18.978993663029534,,1,1,-13.271031857592504
heatwave,validation,heatwave|서울 강남구|20250701|01,패션잡화,53.18865277173238,10.636637626824452,53.18865277173238,,1,1,-42.55201514490793
heatwave,validation,heatwave|서울 강남구|20250701|01,패스트푸드,2.9757544825308764,5.70796180543703,2.9757544825308764,,1,1,2.7322073229061536
heatwave,validation,heatwave|서울 강남구|20250701|01,편의점,6.183152041643279,5.70796180543703,6.183152041643279,,1,1,-0.4751902362062488
heatwave,validation,heatwave|서울 강남구|20250701|01,학원/학습지,105.27892321923886,5.194938089492567,105.27892321923886,,1,1,-100.0839851297463
heatwave,validation,heatwave|서울 강남구|20250701|01,한식,16.22734550957124,5.70796180543703,16.22734550957124,,1,1,-10.51938370413421
heatwave,validation,heatwave|서울 강남구|20250701|01,한의원,19.14568466006269,5.70796180543703,19.14568466006269,,1,1,-13.437722854625662
heatwave,validation,heatwave|서울 강남구|20250701|01,할인점/슈퍼마켓/양판점,-5.377085806217265,5.70796180543703,-5.377085806217265,,1,1,11.085047611654295
heatwave,validation,heatwave|서울 강남구|20250701|01,헬스장,56.94500414944261,13.785652502637468,56.94500414944261,,1,1,-43.15935164680514
heatwave,validation,heatwave|서울 강남구|20250701|01,호텔/콘도,-27.128113362467182,5.70796180543703,-27.128113362467182,,1,1,32.83607516790421
heatwave,validation,heatwave|서울 강남구|20250701|01,화원,38.328771862013966,5.70796180543703,38.328771862013966,,1,1,-32.620810056576936
heatwave,validation,heatwave|서울 강남구|20250701|01,화장품,60.30071888786605,5.70796180543703,60.30071888786605,,1,1,-54.59275708242902
heatwave,validation,heatwave|서울 강남구|20250701|01,회계/변리서비스,36.93458574866944,5.70796180543703,36.93458574866944,,1,1,-31.22662394323241
heatwave,validation,heatwave|서울 강남구|20250706|02,LPG가스,11.258235649342089,6.651946756719462,14.391927865409835,16.103226298429714,7,7,-4.606288892622627
heatwave,validation,heatwave|서울 강남구|20250706|02,ZZ_나머지,-45.35940419646897,-2.465086127413124,-42.6894865975369,15.334680495957567,7,7,42.89431806905585
heatwave,validation,heatwave|서울 강남구|20250706|02,가구,-10.16117541647135,2.9430445632624074,-9.99981414962653,52.930510844816254,7,7,13.104219979733758
heatwave,validation,heatwave|서울 강남구|20250706|02,가전,12.625448581314739,6.25222072454197,8.32790662220643,30.576509109270745,7,7,-6.373227856772769
heatwave,validation,heatwave|서울 강남구|20250706|02,게임방/오락실,11.843507630913324,3.1654044857474317,3.251737362511124,27.001129333367448,7,7,-8.678103145165892
heatwave,validation,heatwave|서울 강남구|20250706|02,결제대행(PG),0.1396208798980985,2.742342771181936,2.0264019268808364,25.593055035448558,7,7,2.6027218912838372
heatwave,validation,heatwave|서울 강남구|20250706|02,고속버스/철도/여객선,-6.211724791662597,5.960910571624588,-5.144710447954213,6.051403377018492,7,7,12.172635363287185
heatwave,validation,heatwave|서울 강남구|20250706|02,기타식품,-26.084491320255868,5.960910571624588,-28.827042609766742,16.079363207287486,7,7,32.04540189188046
heatwave,validation,heatwave|서울 강남구|20250706|02,기타요식,8.626973844187264,5.2740826149713955,7.498538516728138,33.015043522528295,7,7,-3.352891229215868
heatwave,validation,heatwave|서울 강남구|20250706|02,기타유통,-14.947490838801668,4.656434965680255,-21.0265422012232,32.39543227670358,7,7,19.603925804481925
heatwave,validation,heatwave|서울 강남구|20250706|02,기타의료,-44.59291032264813,5.036148704009116,-52.82120075589364,42.59346918708088,7,7,49.629059026657245
heatwave,validation,heatwave|서울 강남구|20250706|02,노래방,-2.868487078804115,2.5078935904939903,0.1178006332250318,27.918795849281228,7,7,5.376380669298105
heatwave,validation,heatwave|서울 강남구|20250706|02,농수산물,-18.5652215544223,4.5091838731567435,-14.73517992051104,25.853564091297486,7,7,23.074405427579045
heatwave,validation,heatwave|서울 강남구|20250706|02,독서실,-9.869866920665473,-2.3723416203222203,-15.874949152996503,15.662994596532783,7,7,7.497525300343252
heatwave,validation,heatwave|서울 강남구|20250706|02,동물병원,10.82683848405757,7.00043624586518,12.505109648797934,36.56182717321367,7,7,-3.8264022381923892
heatwave,validation,heatwave|서울 강남구|20250706|02,면세점,-50.755986152399096,-7.033481354855387,-68.86265549962609,39.15373946391598,7,7,43.722504797543706
heatwave,validation,heatwave|서울 강남구|20250706|02,"모텔,여관,기타숙박",-5.8554394931017,6.215094870965006,-12.418559756669806,14.322886407165717,7,7,12.070534364066706
heatwave,validation,heatwave|서울 강남구|20250706|02,문화용품,-3.052792045900507,-2.2743670643200224,-21.937555821025608,36.655981188187766,7,7,0.7784249815804847
heatwave,validation,heatwave|서울 강남구|20250706|02,미용서비스,-2.2451574412612536,6.317263323521353,2.2419360907823744,24.732374768671445,7,7,8.562420764782606
heatwave,validation,heatwave|서울 강남구|20250706|02,미용실,11.495981583086616,5.960910571624588,-3.955896332072129,52.99607219732149,7,7,-5.535071011462028
heatwave,validation,heatwave|서울 강남구|20250706|02,방문판매/다단계판매,-24.34824911065767,13.688468511481261,-16.040493168761564,33.30344795522122,7,7,38.03671762213893
heatwave,validation,heatwave|서울 강남구|20250706|02,백화점,-16.51218795781789,1.7723683453414087,-11.334052921331482,18.144092881099652,7,7,18.2845563031593
heatwave,validation,heatwave|서울 강남구|20250706|02,법률/사무서비스,-3.503519295078597,3.5408848074860155,10.370863923043197,44.38624561280485,6,6,7.044404102564613
heatwave,validation,heatwave|서울 강남구|20250706|02,보건소,15.948150600279785,-16.086387410318537,15.998718950610597,36.49336665341129,5,5,-32.034538010598325
heatwave,validation,heatwave|서울 강남구|20250706|02,보험,-11.732411610065261,5.140528440715826,-52.59717807658232,131.31333573807393,7,7,16.87294005078109
heatwave,validation,heatwave|서울 강남구|20250706|02,부동산중개,-1.6116394038591986,-12.420432589282242,-42.00218768304376,93.65121340458772,7,7,-10.808793185423044
heatwave,validation,heatwave|서울 강남구|20250706|02,사무기기/문구용품,-9.474292664922219,6.461020110437408,10.553314073828156,43.33822086079103,7,7,15.935312775359627
heatwave,validation,heatwave|서울 강남구|20250706|02,상품권/복권,21.09398874788659,-4.631520116912536,-35.89812847790325,127.13759172077036,7,7,-25.725508864799128
heatwave,validation,heatwave|서울 강남구|20250706|02,생활잡화/수입상품점,11.96315159288302,5.960910571624588,8.856413723423163,28.997324331480154,7,7,-6.002241021258433
heatwave,validation,heatwave|서울 강남구|20250706|02,서점,51.30427781035187,6.784290727812208,59.22844503059949,39.88529900200916,7,7,-44.519987082539664
heatwave,validation,heatwave|서울 강남구|20250706|02,세탁소,0.16814715512809844,2.145225497428144,0.9694608157824488,49.41362063408436,7,7,1.9770783423000455
heatwave,validation,heatwave|서울 강남구|20250706|02,쇼핑몰,26.51682326537139,6.032304453707371,28.26090693525628,24.76941987426472,7,7,-20.484518811664017
heatwave,validation,heatwave|서울 강남구|20250706|02,수입자동차,-46.62069722092055,-5.9934887396678045,-55.98390667131529,43.17676525452547,7,7,40.627208481252744
heatwave,validation,heatwave|서울 강남구|20250706|02,수제용품점,-48.187597088116,-9.712850533526282,-57.40637051634892,41.65897088929003,7,7,38.474746554589714
heatwave,validation,heatwave|서울 강남구|20250706|02,스포츠/레저용품,-11.258556013481112,4.828033770103011,-18.88094636100851,19.315435269994627,7,7,16.086589783584124
heatwave,validation,heatwave|서울 강남구|20250706|02,스포츠시설,-1.5027487652936173,22.53504499951109,-2.0546568091471102,26.53210897722615,7,7,24.037793764804707
heatwave,validation,heatwave|서울 강남구|20250706|02,시계/귀금속,-1.158842578841442,5.767144809090036,-26.063106002972862,55.08589553211169,7,7,6.925987387931478
heatwave,validation,heatwave|서울 강남구|20250706|02,실내/실외골프장,24.555448560221386,-7.823057416363638,-13.916690932149368,96.93915847039403,7,7,-32.378505976585025
heatwave,validation,heatwave|서울 강남구|20250706|02,싸우나/목욕탕,0.4645627448410189,-3.094490637577395,-4.502891065087916,19.549978732442362,7,7,-3.559053382418414
heatwave,validation,heatwave|서울 강남구|20250706|02,악기/음반,202.20386392032515,-2.746312411386216,75.37794759615375,350.12489866265116,7,7,-204.95017633171136
heatwave,validation,heatwave|서울 강남구|20250706|02,안마/마사지,-16.40310044224717,-1.7972771413799722,-12.812557524480956,31.876280438753597,7,7,14.605823300867197
heatwave,validation,heatwave|서울 강남구|20250706|02,애완동물,5.382602322575812,-1.2010347706120894,14.32475472491632,39.852396069131125,7,7,-6.583637093187901
heatwave,validation,heatwave|서울 강남구|20250706|02,약국,-5.273166070521839,5.960910571624588,12.916806475254846,43.644348687737086,7,7,11.234076642146427
heatwave,validation,heatwave|서울 강남구|20250706|02,양식,-30.886044626475485,5.960910571624588,-33.28947690788673,13.978195363513512,7,7,36.846955198100076
heatwave,validation,heatwave|서울 강남구|20250706|02,여행사/항공사,-40.674540969537425,0.27125881163297555,-39.37222471337596,39.58862487061175,7,7,40.9457997811704
heatwave,validation,heatwave|서울 강남구|20250706|02,연구/번역서비스,29.584411328853005,6.052099056361436,24.459651281493485,24.676217334634476,7,7,-23.53231227249157
heatwave,validation,heatwave|서울 강남구|20250706|02,영화/공연,18.403829926310042,2.6184481400983795,20.400265887707672,32.526157175221236,7,7,-15.785381786211662
heatwave,validation,heatwave|서울 강남구|20250706|02,예식장/결혼서비스,-18.31452245820003,-18.334017520816506,-42.26998828410586,71.71813480128587,7,7,-0.019495062616474712
heatwave,validation,heatwave|서울 강남구|20250706|02,오토바이,-40.877703836629905,-15.514815385689973,-56.22299244894016,42.749186120766154,7,7,25.362888450939934
heatwave,validation,heatwave|서울 강남구|20250706|02,완구/아동용자전거,-35.84479536498306,-0.9123242233692614,-29.85928227419288,20.842893001324168,7,7,34.932471141613796
heatwave,validation,heatwave|서울 강남구|20250706|02,유치원,-91.86432046412726,-25.83369002709568,-92.591637674443,6.3242530816408395,7,7,66.03063043703158
heatwave,validation,heatwave|서울 강남구|20250706|02,유흥업소,-14.07718567530902,5.960910571624588,-4.86854092720613,46.76675974345683,7,7,20.038096246933605
heatwave,validation,heatwave|서울 강남구|20250706|02,의복/의류,-10.667733755818047,5.2740826149713955,-4.8911458652607225,23.541032963705707,7,7,15.941816370789443
heatwave,validation,heatwave|서울 강남구|20250706|02,인테리어/건축자재/주방기구,-20.69409315626449,4.410026978802655,-31.315683810854956,45.99772169388543,7,7,25.104120135067145
heatwave,validation,heatwave|서울 강남구|20250706|02,일반병원,3.3650791391143087,7.990981655301882,21.82284901516355,44.72178051358591,7,7,4.625902516187573
heatwave,validation,heatwave|서울 강남구|20250706|02,일식,5.646179625315478,5.960910571624588,10.6710182778558,27.18884375086601,7,7,0.31473094630911014
heatwave,validation,heatwave|서울 강남구|20250706|02,자동차서비스,15.123753156331167,7.648101355814364,34.93886103441225,45.96542790588131,7,7,-7.475651800516803
heatwave,validation,heatwave|서울 강남구|20250706|02,자동차용품,-3.895107792295854,4.301002676466688,-2.84651148687834,59.90214941239358,7,7,8.196110468762543
heatwave,validation,heatwave|서울 강남구|20250706|02,장례식장/묘지/장의사,-23.360561193108,4.436315377526609,-57.63242724876158,60.91695000821873,7,7,27.79687657063461
heatwave,validation,heatwave|서울 강남구|20250706|02,전용매장,-6.966157324762638,0.09617872558533332,-10.6271795100844,25.873042739493595,7,7,7.062336050347971
heatwave,validation,heatwave|서울 강남구|20250706|02,정육점,-14.500494370577597,6.768109919768035,-15.904618986494148,15.623853432287246,7,7,21.268604290345632
heatwave,validation,heatwave|서울 강남구|20250706|02,제과점,-5.8217370610057655,5.960910571624588,-3.884961310214311,12.1046731672163,7,7,11.782647632630354
heatwave,validation,heatwave|서울 강남구|20250706|02,종합병원,-1.2616869572950062,5.2740826149713955,20.960664201014943,41.244549740653625,7,7,6.5357695722664015
heatwave,validation,heatwave|서울 강남구|20250706|02,주류판매,-18.552884514439757,4.6024113587081255,-19.26000745657233,42.43009937854017,7,7,23.15529587314788
heatwave,validation,heatwave|서울 강남구|20250706|02,주유소,9.459045843245557,5.960910571624588,12.201311811966177,14.006571893467834,7,7,-3.498135271620969
heatwave,validation,heatwave|서울 강남구|20250706|02,주차장,-0.2783750440421185,5.298916064913426,12.37576145914532,26.89562692437669,7,7,5.577291108955545
heatwave,validation,heatwave|서울 강남구|20250706|02,중고품판매점,17.147200264548605,-6.3743461012023745,-64.4324262103715,190.2589519444693,7,7,-23.52154636575098
heatwave,validation,heatwave|서울 강남구|20250706|02,중식,4.11560852176325,5.960910571624588,9.587503399771778,17.359608158302144,7,7,1.8453020498613375
heatwave,validation,heatwave|서울 강남구|20250706|02,체인점,-7.964874685003777,4.855035482305344,-13.96832320297348,16.5957530646459,7,7,12.819910167309121
heatwave,validation,heatwave|서울 강남구|20250706|02,치과병원,11.045823962565647,5.960910571624588,22.49309053703056,51.502750225466144,7,7,-5.084913390941059
heatwave,validation,heatwave|서울 강남구|20250706|02,커피전문점,3.5801403137953978,5.2740826149713955,9.139557170761035,13.139250910339188,7,7,1.6939423011759978
heatwave,validation,heatwave|서울 강남구|20250706|02,컴퓨터/소프트웨어,-2.874216709947988,6.179715628414891,-2.71994022651089,10.243665116513949,7,7,9.053932338362879
heatwave,validation,heatwave|서울 강남구|20250706|02,택시,-48.50684593144788,-5.564383689248094,-46.56165957500888,37.422421689343835,6,6,42.94246224219978
heatwave,validation,heatwave|서울 강남구|20250706|02,"통신요금(이동,시내전화)",-34.268121290615284,7.200557914045713,-32.37239901985961,12.528761666144222,7,7,41.468679204660994
heatwave,validation,heatwave|서울 강남구|20250706|02,패션잡화,-7.282696932895123,14.011951636266762,-17.902737655701785,30.03910622708621,7,7,21.294648569161886
heatwave,validation,heatwave|서울 강남구|20250706|02,패스트푸드,-4.569906379223243,6.25222072454197,-0.3089525116665504,13.587020005278646,7,7,10.822127103765212
heatwave,validation,heatwave|서울 강남구|20250706|02,편의점,-0.33587300377607754,5.2740826149713955,7.655283846783435,16.797159570264302,7,7,5.609955618747473
heatwave,validation,heatwave|서울 강남구|20250706|02,학원/학습지,7.083487138989364,14.394367075275856,5.834458188448288,17.29930611601049,7,7,7.310879936286492
heatwave,validation,heatwave|서울 강남구|20250706|02,한식,0.2805537427935226,5.2740826149713955,6.879135600373975,22.4384612382986,7,7,4.993528872177873
heatwave,validation,heatwave|서울 강남구|20250706|02,한의원,9.108468666564315,5.960910571624588,19.35211511764422,42.608372505152325,7,7,-3.1475580949397273
heatwave,validation,heatwave|서울 강남구|20250706|02,할인점/슈퍼마켓/양판점,1.8118583912323147,6.03230445370737,-5.662925198753299,15.456503899380966,7,7,4.220446062475055
heatwave,validation,heatwave|서울 강남구|20250706|02,헬스장,1.1232158681898505,14.038601268825024,7.857360181684234,39.808525016816255,7,7,12.915385400635174
heatwave,validation,heatwave|서울 강남구|20250706|02,호텔/콘도,-2.5425615317783454,5.960910571624588,-24.99858143886546,42.2466050184864,7,7,8.503472103402933
heatwave,validation,heatwave|서울 강남구|20250706|02,화원,-7.972715903175579,1.245971404983364,-4.692090769936157,36.02568225142081,7,7,9.218687308158943
heatwave,validation,heatwave|서울 강남구|20250706|02,화장품,-15.934900031927452,6.019172602208065,-19.60303672021361,29.885510200192748,7,7,21.954072634135517
heatwave,validation,heatwave|서울 강남구|20250706|02,회계/변리서비스,-24.374126390315674,6.145952528467393,-17.133732725699474,30.091406394459888,7,7,30.520078918783067
